,name,primary_id_type,display_name,uniprot_id,hgnc_id,ensg_id,effect_on_ferroptosis,type,source_db
0,P22760,uniprot_id,AADAC,P22760,HGNC:17,ENSG00000114771,,protein,ferrdb_driver|ferrdb_suppressor
1,Q9NP58,uniprot_id,ABCB6,Q9NP58,HGNC:47,ENSG00000115657,,protein,ferrdb_driver|ferrdb_suppressor
2,O15440,uniprot_id,ABCC5,O15440,HGNC:56,ENSG00000114770,,protein,ferrdb_driver|ferrdb_suppressor
3,Q8N2K0,uniprot_id,ABHD12,Q8N2K0,HGNC:15868,ENSG00000100997,,protein,ferrdb_driver|ferrdb_suppressor
4,ACACA,uniprot_id,ACACA,Q13085,,,,protein,ferrdb_driver|ferrdb_suppressor
5,P11310,uniprot_id,ACADM,P11310,HGNC:89,ENSG00000117054,,protein,ferrdb_driver|ferrdb_suppressor
6,Q9BWD1,uniprot_id,ACAT2,Q9BWD1,HGNC:94,ENSG00000120437,,protein,ferrdb_driver|ferrdb_suppressor
7,ACO1,uniprot_id,ACO1,P21399,,,,protein,ferrdb_driver|ferrdb_suppressor
8,O00154,uniprot_id,ACOT7,O00154,HGNC:24157,ENSG00000097021,,protein,ferrdb_driver|ferrdb_suppressor
9,P33121,uniprot_id,ACSL1,P33121,HGNC:3569 ,ENSG00000151726,,protein,ferrdb_driver|ferrdb_suppressor
10,O95573,uniprot_id,ACSL3,O95573,HGNC:3570,ENSG00000123983,,protein,ferrdb_driver|ferrdb_suppressor
11,O60488,uniprot_id,ACSL4,O60488,HGNC:3571,ENSG00000068366,,protein,ferrdb_driver|ferrdb_marker|ferrdb_suppressor
12,O96019,uniprot_id,ACTL6A,O96019,HGNC:24124,ENSG00000136518,,protein,ferrdb_driver|ferrdb_suppressor
13,Q96A54,uniprot_id,ADIPOR1,Q96A54,HGNC:24040,ENSG00000159346,,protein,ferrdb_driver|ferrdb_suppressor
14,Q8IUX7,uniprot_id,AEBP1,Q8IUX7,HGNC:303,ENSG00000106624,,protein,ferrdb_driver|ferrdb_suppressor
15,Q15109,uniprot_id,AGER,Q15109,HGNC:320,ENSG00000204305,,protein,ferrdb_driver|ferrdb_suppressor
16,AHCY,uniprot_id,AHCY,P23526,,,,protein,ferrdb_driver|ferrdb_suppressor
17,P35869,uniprot_id,AHR,P35869,HGNC:348,ENSG00000106546,,protein,ferrdb_driver|ferrdb_suppressor
18,Q9BRQ8,uniprot_id,AIFM2,Q9BRQ8,HGNC:21411,ENSG00000042286,,protein,ferrdb_driver|ferrdb_suppressor
19,O14862,uniprot_id,AIM2,O14862,HGNC:357,ENSG00000163568,,protein,ferrdb_driver|ferrdb_suppressor
20,Q04828,uniprot_id,AKR1C1,Q04828,HGNC:384,ENSG00000187134,,protein,ferrdb_driver|ferrdb_suppressor
21,P52895,uniprot_id,AKR1C2,P52895,HGNC:385,ENSG00000151632,,protein,ferrdb_driver|ferrdb_suppressor
22,P42330,uniprot_id,AKR1C3,P42330,HGNC:386,ENSG00000196139,,protein,ferrdb_driver|ferrdb_suppressor
23,P31749,uniprot_id,AKT,P31749,HGNC:391,ENSG00000142208,,protein,ferrdb_driver|ferrdb_suppressor
24,P31749,uniprot_id,AKT1,P31749,HGNC:391,ENSG00000142208,,protein,ferrdb_driver|ferrdb_marker|ferrdb_suppressor
25,P51648,uniprot_id,ALDH3A2,P51648,HGNC:403,ENSG00000072210,,protein,ferrdb_driver|ferrdb_suppressor
26,Q92685,uniprot_id,ALG3,Q92685,HGNC:23056,ENSG00000214160,,protein,ferrdb_driver|ferrdb_suppressor
27,P16050,uniprot_id,ALOX15,P16050,HGNC:433,ENSG00000161905,,protein,ferrdb_driver|ferrdb_marker|ferrdb_suppressor
28,ALOX5,uniprot_id,ALOX5,P09917,,,,protein,ferrdb_driver|ferrdb_suppressor
29,Q9BY76,uniprot_id,ANGPTL4,Q9BY76,HGNC:16039,ENSG00000167772,,protein,ferrdb_driver|ferrdb_suppressor
30,ANKRD20A20P,Symbol,ANKRD20A20P,,,,,nd,ferrdb_driver|ferrdb_suppressor
31,Q5XXA6,uniprot_id,ANO1,Q5XXA6,HGNC:21625,ENSG00000131620,,protein,ferrdb_driver|ferrdb_suppressor
32,Q9UJ72,uniprot_id,ANXA10,Q9UJ72,HGNC:534,ENSG00000109511,,protein,ferrdb_driver|ferrdb_suppressor
33,P0DMC3,uniprot_id,APELA,P0DMC3,HGNC:48925,ENSG00000248329,,protein,ferrdb_driver|ferrdb_suppressor
34,APEX1,uniprot_id,APEX1,P27695,,,,protein,ferrdb_driver|ferrdb_suppressor
35,P02654,uniprot_id,APOC1,P02654,HGNC:607,ENSG00000130208,,protein,ferrdb_driver|ferrdb_suppressor
36,P02649,uniprot_id,APOE,P02649,HGNC:613,ENSG00000130203,,protein,ferrdb_driver|ferrdb_suppressor
37,P10275,uniprot_id,AR,P10275,HGNC:644,ENSG00000169083,,protein,ferrdb_driver|ferrdb_suppressor
38,P62330,uniprot_id,ARF6,P62330,HGNC:659,ENSG00000165527,,protein,ferrdb_driver|ferrdb_suppressor
39,O00327,uniprot_id,ARNTL,O00327,HGNC:701,ENSG00000133794,,protein,ferrdb_driver|ferrdb_suppressor
40,Q92747,uniprot_id,ARPC1A,Q92747,HGNC:703,ENSG00000241685,,protein,ferrdb_driver|ferrdb_suppressor
41,O43150,uniprot_id,ASAP2,O43150,HGNC:2721,ENSG00000151693,,protein,ferrdb_driver|ferrdb_suppressor
42,P50553,uniprot_id,ASCL1,P50553,HGNC:738,ENSG00000139352,,protein,ferrdb_driver|ferrdb_suppressor
43,P00966,uniprot_id,ASS1,P00966,HGNC:758,ENSG00000130707,,protein,ferrdb_driver|ferrdb_suppressor
44,P15336,uniprot_id,ATF2,P15336,HGNC:784,ENSG00000115966,,protein,ferrdb_driver|ferrdb_suppressor
45,ATF3,uniprot_id,ATF3,P18847,,,,protein,ferrdb_driver|ferrdb_suppressor
46,P18848,uniprot_id,ATF4,P18848,HGNC:786,ENSG00000128272,,protein,ferrdb_driver|ferrdb_suppressor
47,P18850,uniprot_id,ATF6,P18850,HGNC:791,ENSG00000118217,,protein,ferrdb_driver|ferrdb_suppressor
48,ATG16L1,uniprot_id,ATG16L1,Q676U5,,,,protein,ferrdb_driver|ferrdb_suppressor
49,ATL1,uniprot_id,ATL1,Q8WXF7,,,,protein,ferrdb_driver|ferrdb_suppressor
50,O14965,uniprot_id,AURKA,O14965,HGNC:11393,ENSG00000087586,,protein,ferrdb_driver|ferrdb_suppressor
51,P30530,uniprot_id,AXL,P30530,HGNC:905,ENSG00000167601,,protein,ferrdb_driver|ferrdb_suppressor
52,Q9Y2A9,uniprot_id,B3GNT3,Q9Y2A9,HGNC:13528,ENSG00000179913,,protein,ferrdb_driver|ferrdb_suppressor
53,P51572,uniprot_id,BAP31,P51572,HGNC:16695,ENSG00000185825,,protein,ferrdb_driver|ferrdb_suppressor
54,O15382,uniprot_id,BCAT2,O15382,HGNC:977,ENSG00000105552,,protein,ferrdb_driver|ferrdb_suppressor
55,P10415,uniprot_id,BCL2,P10415,HGNC:990,ENSG00000171791,,protein,ferrdb_driver|ferrdb_suppressor
56,Q9HBH7,uniprot_id,BEX1,Q9HBH7,HGNC:1036,ENSG00000133169,,protein,ferrdb_driver|ferrdb_suppressor
57,P21810,uniprot_id,BGN,P21810,HGNC:1044,ENSG00000182492,,protein,ferrdb_driver|ferrdb_suppressor
58,O14503,uniprot_id,BHLHE40,O14503,HGNC:1046,ENSG00000134107,,protein,ferrdb_driver|ferrdb_suppressor
59,O00327,uniprot_id,BMAL1,O00327,HGNC:701,ENSG00000133794,,protein,ferrdb_driver|ferrdb_suppressor
60,P12644,uniprot_id,BMP4,P12644,HGNC:1071,ENSG00000125378,,protein,ferrdb_driver|ferrdb_suppressor
61,Q01954,uniprot_id,BNC1,Q01954,HGNC:1081,ENSG00000169594,,protein,ferrdb_driver|ferrdb_suppressor
62,BRAT1,uniprot_id,BRAT1,Q6PJG6,,,,protein,ferrdb_driver|ferrdb_suppressor
63,O60885,uniprot_id,BRD4,O60885,HGNC:13575,ENSG00000141867,,protein,ferrdb_driver|ferrdb_suppressor
64,Q06187,uniprot_id,BTK,Q06187,HGNC:1133,ENSG00000010671,,protein,ferrdb_driver|ferrdb_suppressor
65,Q9NSK7,uniprot_id,C19orf12,Q9NSK7,HGNC:25443,ENSG00000131943,,protein,ferrdb_driver|ferrdb_suppressor
66,Q9BXI9,uniprot_id,C1QTNF6,Q9BXI9,HGNC:14343,ENSG00000133466,,protein,ferrdb_driver|ferrdb_suppressor
67,Q96K31,uniprot_id,C8orf76,Q96K31,HGNC:25924,ENSG00000189376,,protein,ferrdb_driver|ferrdb_suppressor
68,Q16790,uniprot_id,CA9,Q16790,HGNC:1383,ENSG00000107159,,protein,ferrdb_driver|ferrdb_suppressor
69,Q96RR4,uniprot_id,CAMKK2,Q96RR4,HGNC:1470,ENSG00000110931,,protein,ferrdb_driver|ferrdb_suppressor
70,P40121,uniprot_id,CAPG,P40121,HGNC:1474,ENSG00000042493,,protein,ferrdb_driver|ferrdb_suppressor
71,Q6IMN6,uniprot_id,CAPRIN2,Q6IMN6,HGNC:21259,ENSG00000110888,,protein,ferrdb_driver|ferrdb_suppressor
72,Q86X55,uniprot_id,CARM1,Q86X55,HGNC:23393,ENSG00000142453,,protein,ferrdb_driver|ferrdb_suppressor
73,Q03135,uniprot_id,CAV1,Q03135,HGNC:1527,ENSG00000105974,,protein,ferrdb_driver|ferrdb_suppressor
74,P35520,uniprot_id,CBS,P35520,HGNC:1550,ENSG00000160200,,protein,ferrdb_driver|ferrdb_suppressor
75,CCNB1,uniprot_id,CCNB1,P14635,,,,protein,ferrdb_driver|ferrdb_suppressor
76,P49368,uniprot_id,CCT3,P49368,HGNC:1616,ENSG00000163468,,protein,ferrdb_driver|ferrdb_suppressor
77,CD274,uniprot_id,CD274,Q9NZQ7,,,,protein,ferrdb_driver|ferrdb_suppressor
78,Q5ZPR3,uniprot_id,CD276,Q5ZPR3,HGNC:19137,ENSG00000103855,,protein,ferrdb_driver|ferrdb_suppressor
79,P16070,uniprot_id,CD44,P16070,HGNC:1681,ENSG00000026508,,protein,ferrdb_driver|ferrdb_suppressor
80,P30304,uniprot_id,CDC25A,P30304,HGNC:1725,ENSG00000164045,,protein,ferrdb_driver|ferrdb_suppressor
81,P12830,uniprot_id,CDH1,P12830,HGNC:1748,ENSG00000039068,,protein,ferrdb_driver|ferrdb_suppressor
82,P55283,uniprot_id,CDH4,P55283,HGNC:1763,ENSG00000179242,,protein,ferrdb_driver|ferrdb_suppressor
83,P06493,uniprot_id,CDK1,P06493,HGNC:1722,ENSG00000170312,,protein,ferrdb_driver|ferrdb_suppressor
84,P38936,uniprot_id,CDKN1A,P38936,HGNC:1784,ENSG00000124762,,protein,ferrdb_driver|ferrdb_marker|ferrdb_suppressor
85,P42771,uniprot_id,CDKN2A,P42771,HGNC:1787,ENSG00000147889,,protein,ferrdb_driver|ferrdb_suppressor
86,P53567,uniprot_id,CEBPG,P53567,HGNC:1837,ENSG00000153879,,protein,ferrdb_driver|ferrdb_suppressor
87,Q8WUJ3,uniprot_id,CEMIP,Q8WUJ3,HGNC:29213,ENSG00000103888,,protein,ferrdb_driver|ferrdb_suppressor
88,P49450,uniprot_id,CENPA,P49450,HGNC:1851,ENSG00000115163,,protein,ferrdb_driver|ferrdb_suppressor
89,Q8TCT0,uniprot_id,CERK,Q8TCT0,HGNC:19256,ENSG00000100422,,protein,ferrdb_driver|ferrdb_suppressor
90,Q8N884,uniprot_id,CGAS,Q8N884,HGNC:21367,ENSG00000164430,,protein,ferrdb_driver|ferrdb_suppressor
91,Q9BUX1,uniprot_id,CHAC1,Q9BUX1,HGNC:28680,ENSG00000128965,,protein,ferrdb_marker
92,Q9NZZ3,uniprot_id,CHMP5,Q9NZZ3,HGNC:26942,ENSG00000086065,,protein,ferrdb_driver|ferrdb_suppressor
93,Q96FZ7,uniprot_id,CHMP6,Q96FZ7,HGNC:25675,ENSG00000176108,,protein,ferrdb_driver|ferrdb_suppressor
94,Q9NZ45,uniprot_id,CISD1,Q9NZ45,HGNC:30880,ENSG00000122873,,protein,ferrdb_driver|ferrdb_marker|ferrdb_suppressor
95,Q8N5K1,uniprot_id,CISD2,Q8N5K1,HGNC:24212,ENSG00000145354,,protein,ferrdb_driver|ferrdb_suppressor
96,P0C7P0,uniprot_id,CISD3,P0C7P0,HGNC:27578,ENSG00000277972,,protein,ferrdb_driver|ferrdb_suppressor
97,P12277,uniprot_id,CKB,P12277,HGNC:1991,ENSG00000166165,,protein,ferrdb_driver|ferrdb_suppressor
98,Q9P003,uniprot_id,CNIH4,Q9P003,HGNC:25013 ,ENSG00000143771,,protein,ferrdb_driver|ferrdb_suppressor
99,CNOT6,uniprot_id,CNOT6,Q9ULM6,,,,protein,ferrdb_driver|ferrdb_suppressor
100,P21554,uniprot_id,CNR1,P21554,HGNC:2159,ENSG00000118432,,protein,ferrdb_driver|ferrdb_suppressor
101,COL1A1,uniprot_id,COL1A1,P02452,,,,protein,ferrdb_driver|ferrdb_suppressor
102,P61923,uniprot_id,COPZ1,P61923,HGNC:2243,ENSG00000111481,,protein,ferrdb_driver|ferrdb_suppressor
103,P00450,uniprot_id,CP,P00450,HGNC:2295,ENSG00000047457,,protein,ferrdb_driver|ferrdb_suppressor
104,Q6PUV4,uniprot_id,CPLX2,Q6PUV4,HGNC:2310,ENSG00000145920,,protein,ferrdb_driver|ferrdb_suppressor
105,P50416,uniprot_id,CPT1A,P50416,HGNC:2328,ENSG00000110090,,protein,ferrdb_driver|ferrdb_suppressor
106,P16220,uniprot_id,CREB1,P16220,HGNC:2345,ENSG00000118260,,protein,ferrdb_driver|ferrdb_suppressor
107,Q6UUV7,uniprot_id,CRTC3,Q6UUV7,HGNC:26148,ENSG00000140577,,protein,ferrdb_driver|ferrdb_suppressor
108,O75390,uniprot_id,CS,O75390,HGNC:2422,ENSG00000062485,,protein,ferrdb_marker
109,P32929,uniprot_id,CSE,P32929,HGNC:2501,ENSG00000116761,,protein,ferrdb_driver|ferrdb_suppressor
110,CTNNB1,uniprot_id,CTNNB1,P35222,,,,protein,ferrdb_driver|ferrdb_suppressor
111,O60931,uniprot_id,CTNS,O60931,HGNC:2518,ENSG00000040531,,protein,ferrdb_driver|ferrdb_suppressor
112,Q8IWT3,uniprot_id,CUL9,Q8IWT3,HGNC:15982,ENSG00000112659,,protein,ferrdb_driver|ferrdb_suppressor
113,P10145,uniprot_id,CXCL8,P10145,HGNC:6025,ENSG00000169429,,protein,ferrdb_driver|ferrdb_suppressor
114,CXCR2,uniprot_id,CXCR2,P25025,,,,protein,ferrdb_driver|ferrdb_suppressor
115,CYB5R2,uniprot_id,CYB5R2,Q6BCY4,,,,protein,ferrdb_driver|ferrdb_suppressor
116,P04839,uniprot_id,CYBB,P04839,HGNC:2578,ENSG00000165168,,protein,ferrdb_driver|ferrdb_suppressor
117,Q16678,uniprot_id,CYP1B1,Q16678,HGNC:2597,ENSG00000138061,,protein,ferrdb_driver|ferrdb_suppressor
118,Q07973,uniprot_id,CYP24A1,Q07973,HGNC:2602,ENSG00000019186,,protein,ferrdb_driver|ferrdb_suppressor
119,CYP27A1,uniprot_id,CYP27A1,Q02318,,,,protein,ferrdb_driver|ferrdb_suppressor
120,Cystathionine,Symbol,Cystathionine,,,,,compound,ferrdb_driver|ferrdb_suppressor
121,Cysteine,Symbol,Cysteine,,,,,compound,ferrdb_driver|ferrdb_suppressor
122,Cystine,Symbol,Cystine,,,,,compound,ferrdb_driver|ferrdb_suppressor
123,Q9C098,uniprot_id,DCLK3,Q9C098,HGNC:19005,ENSG00000163673,,protein,ferrdb_driver|ferrdb_suppressor
124,Q96C86,uniprot_id,DCPS,Q96C86,HGNC:29812,ENSG00000110063,,protein,ferrdb_driver|ferrdb_suppressor
125,Q16698,uniprot_id,DECR1,Q16698,HGNC:2753,ENSG00000104325,,protein,ferrdb_driver|ferrdb_suppressor
126,DHCR7,uniprot_id,DHCR7,Q9UBM7,,,,protein,ferrdb_driver|ferrdb_suppressor
127,Q02127,uniprot_id,DHODH,Q02127,HGNC:2867,ENSG00000102967,,protein,ferrdb_driver|ferrdb_suppressor
128,O94907,uniprot_id,DKK1,O94907,HGNC:2891,ENSG00000107984,,protein,ferrdb_driver|ferrdb_suppressor
129,P27487,uniprot_id,DPP4,P27487,HGNC:3009,ENSG00000197635,,protein,ferrdb_driver|ferrdb_marker|ferrdb_suppressor
130,Q86TI2,uniprot_id,DPP9,Q86TI2,HGNC:18648,ENSG00000142002,,protein,ferrdb_driver|ferrdb_suppressor
131,DUOX1,uniprot_id,DUOX1,Q9NRD9,,,,protein,ferrdb_driver|ferrdb_suppressor
132,E2F6P1,Symbol,E2F6P1,,,,,nd,ferrdb_driver|ferrdb_suppressor
133,Q96AV8,uniprot_id,E2F7,Q96AV8,HGNC:23820,ENSG00000165891,,protein,ferrdb_driver|ferrdb_suppressor
134,EBF3,uniprot_id,EBF3,Q9H4W6,,,,protein,ferrdb_driver|ferrdb_suppressor
135,Q13011,uniprot_id,ECH1,Q13011,HGNC:3149,ENSG00000104823,,protein,ferrdb_driver|ferrdb_suppressor
136,P00533,uniprot_id,EGFR,P00533,HGNC:3236,ENSG00000146648,,protein,ferrdb_driver|ferrdb_suppressor
137,EGLN2,uniprot_id,EGLN2,Q96KS0,,,,protein,ferrdb_driver|ferrdb_suppressor
138,Q9NZJ5,uniprot_id,EIF2AK3,Q9NZJ5,HGNC:3255,ENSG00000172071,,protein,ferrdb_driver|ferrdb_suppressor
139,O15372,uniprot_id,EIF3H,O15372,HGNC:3273,ENSG00000147677,,protein,ferrdb_driver|ferrdb_suppressor
140,P19419,uniprot_id,ELK1,P19419,HGNC:3321,ENSG00000126767,,protein,ferrdb_driver|ferrdb_suppressor
141,Q9NYP7,uniprot_id,ELOVL5,Q9NYP7,HGNC:21308,ENSG00000012660,,protein,ferrdb_driver|ferrdb_suppressor
142,Q15006,uniprot_id,EMC2,Q15006,HGNC:28963,ENSG00000104412,,protein,ferrdb_marker
143,P54851,uniprot_id,EMP2,P54851,HGNC:3334,ENSG00000213853,,protein,ferrdb_driver|ferrdb_suppressor
144,P06733,uniprot_id,ENO1,P06733,HGNC:3350,ENSG00000074800,,protein,ferrdb_driver|ferrdb_suppressor
145,Q13822,uniprot_id,ENPP2,Q13822,HGNC:3357,ENSG00000136960,,protein,ferrdb_driver|ferrdb_suppressor
146,Q09472,uniprot_id,EP300,Q09472,HGNC:3373,ENSG00000100393,,protein,ferrdb_driver|ferrdb_suppressor
147,O14944,uniprot_id,EREG,O14944,HGNC:3443,ENSG00000124882,,protein,ferrdb_driver|ferrdb_suppressor
148,P03372,uniprot_id,ESR1,P03372,HGNC:3467,ENSG00000091831,,protein,ferrdb_driver|ferrdb_suppressor
149,P14921,uniprot_id,ETS1,P14921,HGNC:3488,ENSG00000134954,,protein,ferrdb_driver|ferrdb_suppressor
150,P43268,uniprot_id,ETV4,P43268,HGNC:3493,ENSG00000175832,,protein,ferrdb_driver|ferrdb_suppressor
151,Q15910,uniprot_id,EZH2,Q15910,HGNC:3527,ENSG00000106462,,protein,ferrdb_driver|ferrdb_suppressor
152,FABP1,uniprot_id,FABP1,P07148,,,,protein,ferrdb_driver|ferrdb_suppressor
153,P15090,uniprot_id,FABP4,P15090,HGNC:3559,ENSG00000170323,,protein,ferrdb_driver|ferrdb_suppressor
154,FADD,uniprot_id,FADD,Q13158,,,,protein,ferrdb_driver|ferrdb_suppressor
155,O95864,uniprot_id,FADS2,O95864,HGNC:3575,ENSG00000134824,,protein,ferrdb_driver|ferrdb_suppressor
156,Q9UNN5,uniprot_id,FAF1,Q9UNN5,HGNC:3578,ENSG00000185104,,protein,ferrdb_driver|ferrdb_suppressor
157,Q8NCA5,uniprot_id,FAM98A,Q8NCA5,HGNC:24520,ENSG00000119812,,protein,ferrdb_driver|ferrdb_suppressor
158,Q9BXW9,uniprot_id,FANCD2,Q9BXW9,HGNC:3585,ENSG00000144554,,protein,ferrdb_driver|ferrdb_marker|ferrdb_suppressor
159,FAR1-IT1,Symbol,FAR1-IT1,,,,,nd,ferrdb_driver|ferrdb_suppressor
160,P23142,uniprot_id,FBLN1,P23142,HGNC:3600,ENSG00000077942,,protein,ferrdb_driver|ferrdb_suppressor
161,Q9UKA1,uniprot_id,FBXL5,Q9UKA1,HGNC:13602,ENSG00000118564,,protein,ferrdb_driver|ferrdb_suppressor
162,FBXO10,uniprot_id,FBXO10,Q9UK96,,,,protein,ferrdb_driver|ferrdb_suppressor
163,P37268,uniprot_id,FDFT1,P37268,HGNC:3629,ENSG00000079459,,protein,ferrdb_marker
164,P10109,uniprot_id,FDX1,P10109,HGNC:3638,ENSG00000137714,,protein,ferrdb_driver|ferrdb_suppressor
165,P22830,uniprot_id,FECH,P22830,HGNC:3647,ENSG00000066926,,protein,ferrdb_driver|ferrdb_suppressor
166,P39748,uniprot_id,FEN1,P39748,HGNC:3650,ENSG00000168496,,protein,ferrdb_driver|ferrdb_suppressor
167,O15520,uniprot_id,FGF10,O15520,HGNC:3666,ENSG00000070193,,protein,ferrdb_driver|ferrdb_suppressor
168,P09038,uniprot_id,FGF2,P09038,HGNC:3676,ENSG00000138685,,protein,ferrdb_driver|ferrdb_suppressor
169,P22455,uniprot_id,FGFR4,P22455,HGNC:3691,ENSG00000160867,,protein,ferrdb_driver|ferrdb_suppressor
170,P07954,uniprot_id,FH,P07954,HGNC:3700,ENSG00000091483,,protein,ferrdb_driver|ferrdb_suppressor
171,Q9Y613,uniprot_id,FHOD1,Q9Y613,HGNC:17905,ENSG00000135723,,protein,ferrdb_driver|ferrdb_suppressor
172,Q8NAU1,uniprot_id,FNDC5,Q8NAU1,HGNC:20240,ENSG00000160097,,protein,ferrdb_driver|ferrdb_suppressor
173,FOCAD,uniprot_id,FOCAD,Q5VW36,,,,protein,ferrdb_driver|ferrdb_suppressor
174,Q9Y261,uniprot_id,FOXA2,Q9Y261,HGNC:5022,ENSG00000125798,,protein,ferrdb_driver|ferrdb_suppressor
175,Q08050,uniprot_id,FOXM1,Q08050,HGNC:3818,ENSG00000111206,,protein,ferrdb_driver|ferrdb_suppressor
176,FOXO1,uniprot_id,FOXO1,Q12778,,,,protein,ferrdb_driver|ferrdb_suppressor
177,Q9C009,uniprot_id,FOXQ1,Q9C009,HGNC:20951,ENSG00000164379,,protein,ferrdb_driver|ferrdb_suppressor
178,P02794,uniprot_id,FTH1,P02794,HGNC:3976,ENSG00000167996,,protein,ferrdb_driver|ferrdb_marker|ferrdb_suppressor
179,P02792,uniprot_id,FTL,P02792,HGNC:3999,ENSG00000087086,,protein,ferrdb_driver|ferrdb_marker|ferrdb_suppressor
180,Q8N4E7,uniprot_id,FTMT,Q8N4E7,HGNC:17345,ENSG00000181867,,protein,ferrdb_driver|ferrdb_suppressor
181,Q9C0B1,uniprot_id,FTO,Q9C0B1,HGNC:24678,ENSG00000140718,,protein,ferrdb_driver|ferrdb_suppressor
182,Q8IVP5,uniprot_id,FUNDC1,Q8IVP5,HGNC:28746,ENSG00000069509,,protein,ferrdb_driver|ferrdb_suppressor
183,Q16595,uniprot_id,FXN,Q16595,HGNC:3951,ENSG00000165060,,protein,ferrdb_driver|ferrdb_suppressor
184,P51114,uniprot_id,FXR1,P51114,HGNC:4023,ENSG00000114416,,protein,ferrdb_driver|ferrdb_suppressor
185,O75084,uniprot_id,FZD7,O75084,HGNC:4045,ENSG00000155760,,protein,ferrdb_driver|ferrdb_suppressor
186,Fe2+,Symbol,Fe2+,,,,,compound,ferrdb_driver|ferrdb_suppressor
187,Q13283,uniprot_id,G3BP1,Q13283,HGNC:30292,ENSG00000145907,,protein,ferrdb_driver|ferrdb_suppressor
188,P11413,uniprot_id,G6PD,P11413,HGNC:4057,ENSG00000160211,,protein,ferrdb_driver|ferrdb_suppressor
189,GABPA,uniprot_id,GABPA,Q06546,,,,protein,ferrdb_driver|ferrdb_suppressor
190,Q96FL9,uniprot_id,GALNT14,Q96FL9,HGNC:22946,ENSG00000158089,,protein,ferrdb_driver|ferrdb_suppressor
191,Q7Z7M9,uniprot_id,GALNT5,Q7Z7M9,HGNC:4127,ENSG00000136542,,protein,ferrdb_driver|ferrdb_suppressor
192,P15976,uniprot_id,GATA1,P15976,HGNC:4170,ENSG00000102145,,protein,ferrdb_driver|ferrdb_suppressor
193,P23771,uniprot_id,GATA3,P23771,HGNC:4172,ENSG00000107485,,protein,ferrdb_driver|ferrdb_suppressor
194,P30793,uniprot_id,GCH1,P30793,HGNC:4193,ENSG00000131979,,protein,ferrdb_driver|ferrdb_suppressor
195,P48506,uniprot_id,GCLC,P48506,HGNC:4311,ENSG00000001084,,protein,ferrdb_driver|ferrdb_suppressor
196,Q99988 ,uniprot_id,GDF15,Q99988 ,HGNC:30142,ENSG00000130513,,protein,ferrdb_driver|ferrdb_suppressor
197,P19440,uniprot_id,GGT1,P19440,HGNC:4250,ENSG00000100031,,protein,ferrdb_driver|ferrdb_suppressor
198,Q9BRT9,uniprot_id,GINS4,Q9BRT9,HGNC:28226,ENSG00000147536,,protein,ferrdb_driver|ferrdb_suppressor
199,Q86SX6,uniprot_id,GLRX5,Q86SX6,HGNC:20134,ENSG00000182512,,protein,ferrdb_driver|ferrdb_suppressor
200,O94925,uniprot_id,GLS,O94925,HGNC:4331,ENSG00000115419,,protein,ferrdb_driver|ferrdb_suppressor
201,Q9UI32,uniprot_id,GLS2,Q9UI32,HGNC:29570,ENSG00000135423,,protein,ferrdb_marker
202,P17174,uniprot_id,GOT1,P17174,HGNC:4432,ENSG00000120053,,protein,ferrdb_driver|ferrdb_suppressor
203,P22352,uniprot_id,GPX3,P22352,HGNC:4555,ENSG00000211445,,protein,ferrdb_driver|ferrdb_suppressor
204,P36969,uniprot_id,GPX4,P36969,HGNC:4556,ENSG00000167468,,protein,ferrdb_driver|ferrdb_marker|ferrdb_suppressor
205,Q96SL4,uniprot_id,GPX7,Q96SL4,HGNC:4559,ENSG00000116157,,protein,ferrdb_driver|ferrdb_suppressor
206,GSH,Symbol,GSH,,,,,compound,ferrdb_driver|ferrdb_suppressor
207,GSK3B,uniprot_id,GSK3B,P49841,,,,protein,ferrdb_driver|ferrdb_suppressor
208,GSS,uniprot_id,GSS,P48637,,,,protein,ferrdb_driver|ferrdb_suppressor
209,GSSG,Symbol,GSSG,,,,,compound,ferrdb_driver|ferrdb_suppressor
210,GSTK1,uniprot_id,GSTK1,Q9Y2Q3,,,,protein,ferrdb_driver|ferrdb_suppressor
211,P09488,uniprot_id,GSTM1,P09488,HGNC:4632,ENSG00000134184,,protein,ferrdb_driver|ferrdb_suppressor
212,P09211,uniprot_id,GSTP1,P09211,HGNC:4638,ENSG00000084207,,protein,ferrdb_driver|ferrdb_suppressor
213,Glutathione,Symbol,Glutathione,,,,,compound,ferrdb_driver|ferrdb_suppressor
214,Q8IYU2,uniprot_id,HACE1,Q8IYU2,HGNC:21033,ENSG00000085382,,protein,ferrdb_driver|ferrdb_suppressor
215,HAMP,uniprot_id,HAMP,P81172,,,,protein,ferrdb_driver|ferrdb_suppressor
216,Q9BXC0,uniprot_id,HCAR1,Q9BXC0,HGNC:4532,ENSG00000196917,,protein,ferrdb_driver|ferrdb_suppressor
217,O15379,uniprot_id,HDAC3,O15379,HGNC:4854,ENSG00000171720,,protein,ferrdb_driver|ferrdb_suppressor
218,Q9UBN7,uniprot_id,HDAC6,Q9UBN7,HGNC:14064,ENSG00000094631,,protein,ferrdb_driver|ferrdb_suppressor
219,Q9NRZ9,uniprot_id,HELLS,Q9NRZ9,HGNC:4861,ENSG00000119969,,protein,ferrdb_driver|ferrdb_suppressor
220,HERC2P2,Symbol,HERC2P2,,,,,nd,ferrdb_driver|ferrdb_suppressor
221,Q16665,uniprot_id,HIF1A,Q16665,HGNC:4910,ENSG00000100644,,protein,ferrdb_driver|ferrdb_suppressor
222,Q8NCD3,uniprot_id,HJURP,Q8NCD3,HGNC:25444,ENSG00000123485,,protein,ferrdb_driver|ferrdb_suppressor
223,Q16534,uniprot_id,HLF,Q16534,HGNC:4977,ENSG00000108924,,protein,ferrdb_driver|ferrdb_suppressor
224,P52926,uniprot_id,HMGA2,P52926,HGNC:5009,ENSG00000149948,,protein,ferrdb_driver|ferrdb_suppressor
225,HMGB1,uniprot_id,HMGB1,P09429,,,,protein,ferrdb_driver|ferrdb_suppressor
226,P04035,uniprot_id,HMGCR,P04035,HGNC:5006,ENSG00000113161,,protein,ferrdb_driver|ferrdb_suppressor
227,HMGCS1,uniprot_id,HMGCS1,Q01581,,,,protein,ferrdb_driver|ferrdb_suppressor
228,P09601,uniprot_id,HMOX1,P09601,HGNC:5013,ENSG00000100292,,protein,ferrdb_driver|ferrdb_suppressor
229,HNRNPC,uniprot_id,HNRNPC,P07910,,,,protein,ferrdb_driver|ferrdb_suppressor
230,Q14103,uniprot_id,HNRNPD,Q14103,HGNC:5036,ENSG00000138668,,protein,ferrdb_driver|ferrdb_suppressor
231,P14866,uniprot_id,HNRNPL,P14866,HGNC:5045,ENSG00000104824,,protein,ferrdb_driver|ferrdb_suppressor
232,P52272,uniprot_id,HNRNPM,P52272,HGNC:5046,ENSG00000099783,,protein,ferrdb_driver|ferrdb_suppressor
233,P02790,uniprot_id,HPX,P02790,HGNC:5171,ENSG0000011016,,protein,ferrdb_driver|ferrdb_suppressor
234,P35367,uniprot_id,HRH1,P35367,HGNC:5182,ENSG00000196639,,protein,ferrdb_driver|ferrdb_suppressor
235,Q00613,uniprot_id,HSF1,Q00613,HGNC:5224,ENSG00000185122,,protein,ferrdb_driver|ferrdb_suppressor
236,P11021,uniprot_id,HSPA5,P11021,HGNC:5238,ENSG00000044574,,protein,ferrdb_driver|ferrdb_marker|ferrdb_suppressor
237,P11142,uniprot_id,HSPA8,P11142,HGNC:5241,ENSG00000109971,,protein,ferrdb_driver|ferrdb_suppressor
238,P04792,uniprot_id,HSPB1,P04792,HGNC:5246,ENSG00000106211,,protein,ferrdb_driver|ferrdb_marker|ferrdb_suppressor
239,HSPH1,uniprot_id,HSPH1,Q92598,,,,protein,ferrdb_driver|ferrdb_suppressor
240,P41595,uniprot_id,HTR2B,P41595,HGNC:5294,ENSG00000135914,,protein,ferrdb_driver|ferrdb_suppressor
241,P48735,uniprot_id,IDH2,P48735,HGNC:5383,ENSG00000182054,,protein,ferrdb_driver|ferrdb_suppressor
242,P14902,uniprot_id,IDO1,P14902,HGNC:6059,ENSG00000131203,,protein,ferrdb_driver|ferrdb_suppressor
243,P08069,uniprot_id,IGF1R,P08069,HGNC:5465,ENSG00000140443,,protein,ferrdb_driver|ferrdb_suppressor
244,O00425,uniprot_id,IGF2BP3,O00425,HGNC:28868,ENSG00000136231,,protein,ferrdb_driver|ferrdb_suppressor
245,P24592,uniprot_id,IGFBP6,P24592,HGNC:5475,ENSG00000167779,,protein,ferrdb_driver|ferrdb_suppressor
246,Q16552,uniprot_id,IL17A,Q16552,HGNC:5981,ENSG00000112115,,protein,ferrdb_driver|ferrdb_suppressor
247,O95760,uniprot_id,IL33,O95760,HGNC:16028,ENSG00000137033,,protein,ferrdb_driver|ferrdb_suppressor
248,Q9NZH6,uniprot_id,IL37,Q9NZH6,HGNC:15563,ENSG00000125571,,protein,ferrdb_driver|ferrdb_suppressor
249,P05231,uniprot_id,IL6,P05231,HGNC:6018,ENSG00000136244,,protein,ferrdb_driver|ferrdb_suppressor
250,IREB2,uniprot_id,IREB2,P48200,,,,protein,ferrdb_driver|ferrdb_suppressor
251,Q9H1K1,uniprot_id,ISCU,Q9H1K1,HGNC:29882,ENSG00000136003,,protein,ferrdb_driver|ferrdb_suppressor
252,IST1,uniprot_id,IST1,P53990,,,,protein,ferrdb_driver|ferrdb_suppressor
253,P05106,uniprot_id,ITGB3,P05106,HGNC:6156,ENSG00000259207,,protein,ferrdb_driver|ferrdb_suppressor
254,JAK2,uniprot_id,JAK2,O60674,,,,protein,ferrdb_driver|ferrdb_suppressor
255,P17535,uniprot_id,JUND,P17535,HGNC:6206,ENSG00000130522,,protein,ferrdb_driver|ferrdb_suppressor
256,Q8WYB5,uniprot_id,KAT6B,Q8WYB5,HGNC:17582,ENSG00000156650,,protein,ferrdb_driver|ferrdb_suppressor
257,O60341,uniprot_id,KDM1A,O60341,HGNC:29079,ENSG00000004487,,protein,ferrdb_driver|ferrdb_suppressor
258,Q7LBC6,uniprot_id,KDM3B,Q7LBC6,HGNC:1337,ENSG00000120733,,protein,ferrdb_driver|ferrdb_suppressor
259,O75164,uniprot_id,KDM4A,O75164,HGNC:22978,ENSG00000066135,,protein,ferrdb_driver|ferrdb_suppressor
260,Q6B0I6,uniprot_id,KDM4D,Q6B0I6,HGNC:25498,ENSG00000186280,,protein,ferrdb_driver|ferrdb_suppressor
261,KDR,uniprot_id,KDR,P35968,,,,protein,ferrdb_driver|ferrdb_suppressor
262,KEAP1,uniprot_id,KEAP1,Q14145,,,,protein,ferrdb_driver|ferrdb_suppressor
263,O95235,uniprot_id,KIF20A,O95235,HGNC:9787,ENSG00000112984,,protein,ferrdb_driver|ferrdb_suppressor
264,Q9UEF7,uniprot_id,KL,Q9UEF7,HGNC:6344,ENSG00000133116,,protein,ferrdb_driver|ferrdb_suppressor
265,Q9UIH9,uniprot_id,KLF15,Q9UIH9,HGNC:14536,ENSG00000163884,,protein,ferrdb_driver|ferrdb_suppressor
266,KLF2,uniprot_id,KLF2,Q9Y5W3,,,,protein,ferrdb_driver|ferrdb_suppressor
267,Q9BQ90,uniprot_id,KLHDC3,Q9BQ90,HGNC:20704,ENSG00000124702,,protein,ferrdb_driver|ferrdb_suppressor
268,Q9NQR1,uniprot_id,KMT5A,Q9NQR1,HGNC:29489,ENSG00000183955,,protein,ferrdb_driver|ferrdb_suppressor
269,LACTB,uniprot_id,LACTB,P83111,,,,protein,ferrdb_driver|ferrdb_suppressor
270,P13473,uniprot_id,LAMP2,P13473,HGNC:6501,ENSG00000005893,,protein,ferrdb_driver|ferrdb_suppressor
271,LAMTOR1,uniprot_id,LAMTOR1,Q6IAA8,,,,protein,ferrdb_suppressor
272,LAMTOR3,uniprot_id,LAMTOR3,Q9UHA4,,,,protein,ferrdb_driver
273,O43504,uniprot_id,LAMTOR5,O43504,HGNC:17955,ENSG00000134248,,protein,ferrdb_driver|ferrdb_suppressor
274,P80188,uniprot_id,LCN2,P80188,HGNC:6526,ENSG00000148346,,protein,ferrdb_driver|ferrdb_suppressor
275,P01130,uniprot_id,LDLR,P01130,HGNC:6547,ENSG00000130164,,protein,ferrdb_driver|ferrdb_suppressor
276,LINC00976,Symbol,LINC00976,,,,,nd,ferrdb_driver|ferrdb_suppressor
277,LOC111413017,Symbol,LOC111413017,,,,,nd,ferrdb_driver|ferrdb_suppressor
278,LOC124905344,Symbol,LOC124905344,,,,,nd,ferrdb_driver|ferrdb_suppressor
279,Q6P1A2,uniprot_id,LPCAT3,Q6P1A2,HGNC:30244,ENSG00000111684,,protein,ferrdb_marker
280,Q14114,uniprot_id,LRP8,Q14114,HGNC:6700,ENSG00000157193,,protein,ferrdb_driver|ferrdb_suppressor
281,Q5S007,uniprot_id,LRRK2,Q5S007,HGNC:18618,ENSG00000188906,,protein,ferrdb_driver|ferrdb_suppressor
282,Q14767,uniprot_id,LTBP2,Q14767,HGNC:6715,ENSG00000119681,,protein,ferrdb_driver|ferrdb_suppressor
283,LTF,uniprot_id,LTF,P02788,,,,protein,ferrdb_driver|ferrdb_suppressor
284,Q9UDY8,uniprot_id,MALT1,Q9UDY8,HGNC:6819,ENSG00000172175,,protein,ferrdb_driver|ferrdb_suppressor
285,O43318,uniprot_id,MAP3K7,O43318,HGNC:6859,ENSG00000135341,,protein,ferrdb_driver|ferrdb_suppressor
286,P45983,uniprot_id,MAPK8,P45983,HGNC:6881,ENSG00000107643,,protein,ferrdb_driver|ferrdb_suppressor
287,O60337,uniprot_id,MARCHF6,O60337,HGNC:30550,ENSG00000145495,,protein,ferrdb_driver|ferrdb_suppressor
288,P31153,uniprot_id,MAT2A,P31153,HGNC:6904,ENSG00000168906,,protein,ferrdb_driver|ferrdb_suppressor
289,P56270,uniprot_id,MAZ,P56270,HGNC:6914,ENSG00000103495,,protein,ferrdb_driver|ferrdb_suppressor
290,Q6ZNC8,uniprot_id,MBOAT1,Q6ZNC8,HGNC:21579,ENSG00000172197,,protein,ferrdb_driver|ferrdb_suppressor
291,Q6ZWT7,uniprot_id,MBOAT2,Q6ZWT7,HGNC:25193,ENSG00000143797,,protein,ferrdb_driver|ferrdb_suppressor
292,O15068,uniprot_id,MCF2L,O15068,HGNC:14576,ENSG00000126217,,protein,ferrdb_driver|ferrdb_suppressor
293,Q00987,uniprot_id,MDM2,Q00987,HGNC:6973,ENSG00000135679,,protein,ferrdb_driver|ferrdb_suppressor
294,P48163,uniprot_id,ME1,P48163,HGNC:6983,ENSG00000065833,,protein,ferrdb_driver|ferrdb_suppressor
295,Q06413,uniprot_id,MEF2C,Q06413,HGNC:6996,ENSG00000081189,,protein,ferrdb_driver|ferrdb_suppressor
296,Q14680,uniprot_id,MELK,Q14680,HGNC:16870,ENSG00000165304,,protein,ferrdb_driver|ferrdb_suppressor
297,Q9HCE5,uniprot_id,METTL14,Q9HCE5,HGNC:29330,ENSG00000145388,,protein,ferrdb_driver|ferrdb_suppressor
298,Q86W50,uniprot_id,METTL16,Q86W50,HGNC:28484,ENSG00000127804,,protein,ferrdb_driver|ferrdb_suppressor
299,Q86U44,uniprot_id,METTL3,Q86U44,HGNC:17563,ENSG00000165819,,protein,ferrdb_driver|ferrdb_suppressor
300,Q9H1A3,uniprot_id,METTL9,Q9H1A3,HGNC:24586,ENSG00000197006,,protein,ferrdb_driver|ferrdb_suppressor
301,A1L020,uniprot_id,MEX3A,A1L020,HGNC:33482,ENSG00000254726,,protein,ferrdb_driver|ferrdb_suppressor
302,Q08431,uniprot_id,MFGE8,Q08431,HGNC:7036,ENSG00000140545,,protein,ferrdb_driver|ferrdb_suppressor
303,P10620,uniprot_id,MGST1,P10620,HGNC:7061,ENSG00000008394,,protein,ferrdb_driver|ferrdb_suppressor
304,MILIP,Symbol,MILIP,,,,,nd,ferrdb_driver|ferrdb_suppressor
305,MIR494,Symbol,MIR494,,,,,nd,ferrdb_driver|ferrdb_suppressor
306,_NA_,uniprot_id,MIR96,_NA_,HGNC:31648,ENSG00000199158,,protein,ferrdb_driver|ferrdb_suppressor
307,Q8WV92,uniprot_id,MITD1,Q8WV92,HGNC:25207,ENSG00000158411,,protein,ferrdb_driver|ferrdb_suppressor
308,O75030,uniprot_id,MITF,O75030,HGNC:7105,ENSG00000187098,,protein,ferrdb_driver|ferrdb_suppressor
309,Q9Y5U8,uniprot_id,MPC1,Q9Y5U8,HGNC:21606,ENSG00000060762,,protein,ferrdb_driver|ferrdb_suppressor
310,Q969V6,uniprot_id,MRTFA,Q969V6,HGNC:14334,ENSG00000196588,,protein,ferrdb_driver|ferrdb_suppressor
311,P13640,uniprot_id,MT1G,P13640,HGNC:7399,ENSG00000125144,,protein,ferrdb_driver|ferrdb_marker|ferrdb_suppressor
312,Q9NZJ7,uniprot_id,MTCH1,Q9NZJ7,HGNC:17586,ENSG00000137409,,protein,ferrdb_driver|ferrdb_suppressor
313,Q14872,uniprot_id,MTF1,Q14872,HGNC:7428,ENSG00000188786,,protein,ferrdb_driver|ferrdb_suppressor
314,P42898,uniprot_id,MTHFR,P42898,HGNC:7436,ENSG00000177000,,protein,ferrdb_driver|ferrdb_suppressor
315,P55157,uniprot_id,MTTP,P55157,HGNC:7467,ENSG00000138823,,protein,ferrdb_driver|ferrdb_suppressor
316,P15941,uniprot_id,MUC1,P15941,HGNC:7508,ENSG00000185499,,protein,ferrdb_driver|ferrdb_suppressor
317,Q9BRK3,uniprot_id,MXRA8,Q9BRK3,HGNC:7542,ENSG00000162576,,protein,ferrdb_driver|ferrdb_suppressor
318,P01106,uniprot_id,MYC,P01106,HGNC:7553,ENSG00000136997,,protein,ferrdb_driver|ferrdb_suppressor
319,NADPH,Symbol,NADPH,,,,,compound,ferrdb_driver|ferrdb_suppressor
320,Q9H0A0,uniprot_id,NAT10,Q9H0A0,HGNC:29830,ENSG00000135372,,protein,ferrdb_driver|ferrdb_suppressor
321,Q13772,uniprot_id,NCOA4,Q13772,HGNC:7671,ENSG00000266412,,protein,ferrdb_driver|ferrdb_marker|ferrdb_suppressor
322,Q92597,uniprot_id,NDRG1,Q92597,HGNC:7679,ENSG00000104419,,protein,ferrdb_driver|ferrdb_suppressor
323,O00483,uniprot_id,NDUFA4,O00483,HGNC:7687,ENSG00000189043,,protein,ferrdb_driver|ferrdb_suppressor
324,P46934,uniprot_id,NEDD4,P46934,HGNC:7727,ENSG00000069869,,protein,ferrdb_driver|ferrdb_suppressor
325,Q96PU5,uniprot_id,NEDD4L,Q96PU5,HGNC:7728,ENSG00000049759,,protein,ferrdb_driver|ferrdb_suppressor
326,Q13562,uniprot_id,NEUROD1,Q13562,HGNC:7762,ENSG00000162992,,protein,ferrdb_driver|ferrdb_suppressor
327,P35240,uniprot_id,NF2,P35240,HGNC:7773,ENSG00000186575,,protein,ferrdb_driver|ferrdb_suppressor
328,Q14494,uniprot_id,NFE2L1,Q14494,HGNC:7781,ENSG00000082641,,protein,ferrdb_driver|ferrdb_suppressor
329,Q16236,uniprot_id,NFE2L2,Q16236,HGNC:7782,ENSG00000116044,,protein,ferrdb_driver|ferrdb_marker|ferrdb_suppressor
330,NFKB1,uniprot_id,NFKB1,P19838,,,,protein,ferrdb_driver|ferrdb_suppressor
331,Q00653,uniprot_id,NFKB2,Q00653,HGNC:7795,ENSG00000077150,,protein,ferrdb_driver|ferrdb_suppressor
332,NFKBIA,uniprot_id,NFKBIA,P25963,,,,protein,ferrdb_driver|ferrdb_suppressor
333,Q9Y697,uniprot_id,NFS1,Q9Y697,HGNC:15910,ENSG00000244005,,protein,ferrdb_driver|ferrdb_suppressor
334,Q8N5F7,uniprot_id,NKAP,Q8N5F7,HGNC:29873,ENSG00000101882,,protein,ferrdb_driver|ferrdb_suppressor
335,Q9Y239,uniprot_id,NOD1,Q9Y239,HGNC:16390,ENSG00000106100,,protein,ferrdb_driver|ferrdb_suppressor
336,Q96S42,uniprot_id,NODAL,Q96S42,HGNC:7865,ENSG00000156574,,protein,ferrdb_driver|ferrdb_suppressor
337,Q9UM47,uniprot_id,NOTCH3,Q9UM47,HGNC:7883,ENSG00000074181,,protein,ferrdb_driver|ferrdb_suppressor
338,P15559,uniprot_id,NQO1,P15559,HGNC:2874,ENSG00000181019,,protein,ferrdb_driver|ferrdb_suppressor
339,P51843,uniprot_id,NR0B1,P51843,HGNC:7960,ENSG00000169297,,protein,ferrdb_driver|ferrdb_suppressor
340,Q96RI1,uniprot_id,NR1H4,Q96RI1,HGNC:7967,ENSG00000012504,,protein,ferrdb_driver|ferrdb_suppressor
341,NRF1,uniprot_id,NRF1,Q14494,,,,protein,ferrdb_driver|ferrdb_suppressor
342,Q08J23,uniprot_id,NSUN2,Q08J23,HGNC:25994,ENSG00000037474,,protein,ferrdb_driver|ferrdb_suppressor
343,Q96P11,uniprot_id,NSUN5,Q96P11,HGNC:16385,ENSG00000130305,,protein,ferrdb_driver|ferrdb_suppressor
344,O95631,uniprot_id,NTN1,O95631,HGNC:8029,ENSG00000065320,,protein,ferrdb_driver|ferrdb_suppressor
345,NUAK1,uniprot_id,NUAK1,O60285,,,,protein,ferrdb_driver|ferrdb_suppressor
346,P37198,uniprot_id,NUP62,P37198,HGNC:8066,ENSG00000213024,,protein,ferrdb_driver|ferrdb_suppressor
347,O60356,uniprot_id,NUPR1,O60356,HGNC:29990,ENSG00000176046,,protein,ferrdb_driver|ferrdb_suppressor
348,O15294,uniprot_id,OGT,O15294,HGNC:8127,ENSG00000147162,,protein,ferrdb_driver|ferrdb_suppressor
349,Q96FW1,uniprot_id,OTUB1,Q96FW1,HGNC:23077,ENSG00000167770,,protein,ferrdb_driver|ferrdb_suppressor
350,Q96G74,uniprot_id,OTUD5,Q96G74,HGNC:25402,ENSG00000068308,,protein,ferrdb_driver|ferrdb_suppressor
351,P13674,uniprot_id,P4HA1,P13674,HGNC:8546,ENSG00000122884,,protein,ferrdb_driver|ferrdb_suppressor
352,PAK3,uniprot_id,PAK3,O75914,,,,protein,ferrdb_driver
353,PAK5,uniprot_id,PAK5,Q9NQU5,,,,protein,ferrdb_suppressor
354,Q96RD6,uniprot_id,PANX2,Q96RD6,HGNC:8600,ENSG00000073150,,protein,ferrdb_driver|ferrdb_suppressor
355,PARAL1,Symbol,PARAL1,,,,,nd,ferrdb_driver|ferrdb_suppressor
356,Q99497,uniprot_id,PARK7,Q99497,HGNC:16369,ENSG00000116288,,protein,ferrdb_driver|ferrdb_suppressor
357,Q9H300,uniprot_id,PARL,Q9H300,HGNC:18253,ENSG00000175193,,protein,ferrdb_driver|ferrdb_suppressor
358,Q15365,uniprot_id,PCBP1,Q15365,HGNC:8647,ENSG00000169564,,protein,ferrdb_driver|ferrdb_suppressor
359,Q15366,uniprot_id,PCBP2,Q15366,HGNC:8648,ENSG00000197111,,protein,ferrdb_driver|ferrdb_suppressor
360,O60245,uniprot_id,PCDH7,O60245,HGNC:8659,ENSG00000169851,,protein,ferrdb_driver|ferrdb_suppressor
361,Q8NBP7,uniprot_id,PCSK9,Q8NBP7,HGNC:20001,ENSG00000169174,,protein,ferrdb_driver|ferrdb_suppressor
362,P16234,uniprot_id,PDGFRA,P16234,HGNC:8803,ENSG00000134853,,protein,ferrdb_driver|ferrdb_suppressor
363,P13667,uniprot_id,PDIA4,P13667,HGNC:30167,ENSG00000155660,,protein,ferrdb_driver|ferrdb_suppressor
364,Q16654,uniprot_id,PDK4,Q16654,HGNC:8812,ENSG00000004799,,protein,ferrdb_driver|ferrdb_suppressor
365,Q86YH6,uniprot_id,PDSS2,Q86YH6,HGNC:23041,ENSG00000164494,,protein,ferrdb_driver|ferrdb_suppressor
366,A5PLL7,uniprot_id,PEDS1,A5PLL7,HGNC:16735,ENSG00000240849,,protein,ferrdb_driver|ferrdb_suppressor
367,O75381,uniprot_id,PEX14,O75381,HGNC:8856,ENSG00000142655,,protein,ferrdb_driver|ferrdb_suppressor
368,P18669,uniprot_id,PGAM1,P18669,HGNC:8888,ENSG00000171314,,protein,ferrdb_driver|ferrdb_suppressor
369,Q96HS1,uniprot_id,PGAM5,Q96HS1,HGNC:28763,ENSG00000247077,,protein,ferrdb_driver|ferrdb_suppressor
370,PGK1,uniprot_id,PGK1,P00558,,,,protein,ferrdb_driver|ferrdb_suppressor
371,O00264,uniprot_id,PGRMC1,O00264,HGNC:16090,ENSG00000101856,,protein,ferrdb_driver|ferrdb_suppressor
372,O43175,uniprot_id,PHGDH,O43175,HGNC:8923,ENSG00000092621,,protein,ferrdb_driver|ferrdb_suppressor
373,P11309,uniprot_id,PIM1,P11309,HGNC:8986,ENSG00000137193,,protein,ferrdb_driver|ferrdb_suppressor
374,PINK1,uniprot_id,PINK1,Q9BXM7,,,,protein,ferrdb_driver|ferrdb_suppressor
375,O00625,uniprot_id,PIR,O00625,HGNC:30048,ENSG00000087842,,protein,ferrdb_driver|ferrdb_suppressor
376,PISD,uniprot_id,PISD,Q9UG56,,,,protein,ferrdb_driver|ferrdb_suppressor
377,P14618,uniprot_id,PKM2,P14618,HGNC:9021,ENSG00000067225,,protein,ferrdb_driver|ferrdb_suppressor
378,PLA2G4A,uniprot_id,PLA2G4A,P47712,,,,protein,ferrdb_driver|ferrdb_suppressor
379,O60733,uniprot_id,PLA2G6,O60733,HGNC:9039,ENSG00000184381,,protein,ferrdb_driver|ferrdb_suppressor
380,Q13093,uniprot_id,PLA2G7,Q13093,HGNC:9040,ENSG00000146070,,protein,ferrdb_driver|ferrdb_suppressor
381,P53350,uniprot_id,PLK1,P53350,HGNC:9077,ENSG00000166851,,protein,ferrdb_driver|ferrdb_suppressor
382,P55058,uniprot_id,PLTP,P55058,HGNC:9093,ENSG00000100979,,protein,ferrdb_driver|ferrdb_suppressor
383,P29590,uniprot_id,PML,P29590,HGNC:9113,ENSG00000140464,,protein,ferrdb_driver|ferrdb_suppressor
384,Q9NRX1,uniprot_id,PNO1,Q9NRX1,HGNC:32790,ENSG00000115946,,protein,ferrdb_driver|ferrdb_suppressor
385,P56282,uniprot_id,POLE2,P56282,HGNC:9178,ENSG00000100479,,protein,ferrdb_driver|ferrdb_suppressor
386,POMC,uniprot_id,POMC,P01189,,,,protein,ferrdb_driver|ferrdb_suppressor
387,POR,uniprot_id,POR,P16435,,,,protein,ferrdb_driver|ferrdb_suppressor
388,Q07869,uniprot_id,PPARA,Q07869,HGNC:9232,ENSG00000186951,,protein,ferrdb_driver|ferrdb_suppressor
389,Q9UBK2,uniprot_id,PPARGC1A,Q9UBK2,HGNC:9237,ENSG00000109819,,protein,ferrdb_driver|ferrdb_suppressor
390,PRAP1,uniprot_id,PRAP1,Q96NZ9,,,,protein,ferrdb_driver|ferrdb_suppressor
391,Q06830,uniprot_id,PRDX1,Q06830,HGNC:9352,ENSG00000117450 ,,protein,ferrdb_driver|ferrdb_suppressor
392,P32119,uniprot_id,PRDX2,P32119,HGNC:9353,ENSG00000167815,,protein,ferrdb_driver|ferrdb_suppressor
393,P30048,uniprot_id,PRDX3,P30048,HGNC:9354,ENSG00000165672,,protein,ferrdb_marker
394,Q13162,uniprot_id,PRDX4,Q13162,HGNC:17169,ENSG00000123131,,protein,ferrdb_driver|ferrdb_suppressor
395,P30041,uniprot_id,PRDX6,P30041,HGNC:16753,ENSG00000117592,,protein,ferrdb_driver|ferrdb_suppressor
396,P54646 ,uniprot_id,PRKAA2,P54646 ,HGNC:9377,ENSG00000162409,,protein,ferrdb_driver|ferrdb_suppressor
397,Q9BZL6,uniprot_id,PRKD2,Q9BZL6,HGNC:17293,ENSG00000105287,,protein,ferrdb_driver|ferrdb_suppressor
398,Q99873,uniprot_id,PRMT1,Q99873,HGNC:5187,ENSG00000126457,,protein,ferrdb_driver|ferrdb_suppressor
399,O14744,uniprot_id,PRMT5,O14744,HGNC:10894,ENSG00000100462,,protein,ferrdb_driver|ferrdb_suppressor
400,Q6P2P2,uniprot_id,PRMT9,Q6P2P2,HGNC:25099,ENSG00000164169,,protein,ferrdb_driver|ferrdb_suppressor
401,Q8N271,uniprot_id,PROM2,Q8N271,HGNC:20685,ENSG00000155066,,protein,ferrdb_driver|ferrdb_suppressor
402,Q92786,uniprot_id,PROX1,Q92786,HGNC:9459,ENSG00000117707,,protein,ferrdb_driver|ferrdb_suppressor
403,P49768,uniprot_id,PSEN1,P49768,HGNC:9508,ENSG00000080815,,protein,ferrdb_driver|ferrdb_suppressor
404,P49810,uniprot_id,PSEN2,P49810,HGNC:9509,ENSG00000143801,,protein,ferrdb_driver|ferrdb_suppressor
405,Q8IV42,uniprot_id,PSTK,Q8IV42,HGNC:28578,ENSG00000179988,,protein,ferrdb_driver|ferrdb_suppressor
406,P34995,uniprot_id,PTGER1,P34995,HGNC:9593,ENSG00000160951,,protein,ferrdb_driver|ferrdb_suppressor
407,P35354,uniprot_id,PTGS2,P35354,HGNC:9605,ENSG00000073756,,protein,ferrdb_driver|ferrdb_marker|ferrdb_suppressor
408,PTK2,uniprot_id,PTK2,Q05397,,,,protein,ferrdb_driver|ferrdb_suppressor
409,Q8WUK0,uniprot_id,PTPMT1,Q8WUK0,HGNC:26965,ENSG00000110536,,protein,ferrdb_driver|ferrdb_suppressor
410,Q99952,uniprot_id,PTPN18,Q99952,HGNC:9649,ENSG00000072135,,protein,ferrdb_driver|ferrdb_suppressor
411,P08575,uniprot_id,PTPRC,P08575,HGNC:9666,ENSG00000081237,,protein,ferrdb_driver|ferrdb_suppressor
412,P32322,uniprot_id,PYCR1,P32322,HGNC:9721,ENSG00000183010,,protein,ferrdb_driver|ferrdb_suppressor
413,Phospholipid,Symbol,Phospholipid,,,,,compound,ferrdb_driver|ferrdb_suppressor
414,P52306,uniprot_id,RAP1GDS1,P52306,HGNC:9859,ENSG00000138698,,protein,ferrdb_driver|ferrdb_suppressor
415,Q99969,uniprot_id,RARRES2,Q99969,HGNC:9868,ENSG00000106538,,protein,ferrdb_driver|ferrdb_suppressor
416,P06400,uniprot_id,RB1,P06400,HGNC:9884,ENSG00000139687,,protein,ferrdb_driver|ferrdb_suppressor
417,Q96T37,uniprot_id,RBM15,Q96T37,HGNC:14959,ENSG00000162775,,protein,ferrdb_driver|ferrdb_suppressor
418,Q9BX46,uniprot_id,RBM24,Q9BX46,HGNC:21539,ENSG00000112183,,protein,ferrdb_driver|ferrdb_suppressor
419,P29558,uniprot_id,RBMS1,P29558,HGNC:9907,ENSG00000153250,,protein,ferrdb_driver|ferrdb_suppressor
420,REM1,uniprot_id,REM1,O75628,,,,protein,ferrdb_driver|ferrdb_suppressor
421,RFESDP1,Symbol,RFESDP1,,,,,nd,ferrdb_driver|ferrdb_suppressor
422,O15541,uniprot_id,RNF113A ,O15541,HGNC:12974,ENSG00000125352,,protein,ferrdb_driver|ferrdb_suppressor
423,RNF139,uniprot_id,RNF139,Q8WU17,,,,protein,ferrdb_driver|ferrdb_suppressor
424,Q96BH1,uniprot_id,RNF25,Q96BH1,HGNC:14662,ENSG00000163481,,protein,ferrdb_driver|ferrdb_suppressor
425,ROS,Symbol,ROS,,,,,compound,ferrdb_driver|ferrdb_suppressor
426,P62917,uniprot_id,RPL8,P62917,HGNC:10368,ENSG00000161016,,protein,ferrdb_marker
427,P05387,uniprot_id,RPLP2,P05387,HGNC:10377,ENSG00000177600,,protein,ferrdb_driver|ferrdb_suppressor
428,RPP38,uniprot_id,RPP38,P78345,,,,protein,ferrdb_driver|ferrdb_suppressor
429,P23921,uniprot_id,RRM1,P23921,HGNC:10451,ENSG00000167325,,protein,ferrdb_driver|ferrdb_suppressor
430,P31350,uniprot_id,RRM2,P31350,HGNC:10452,ENSG00000171848,,protein,ferrdb_driver|ferrdb_suppressor
431,O76021,uniprot_id,RSL1D1,O76021,HGNC:24534,ENSG00000171490,,protein,ferrdb_driver|ferrdb_suppressor
432,P21673,uniprot_id,SAT1,P21673,HGNC:10540,ENSG00000130066,,protein,ferrdb_marker
433,O00767,uniprot_id,SCD,O00767,HGNC:10571,ENSG00000099194,,protein,ferrdb_driver|ferrdb_suppressor
434,O00767,uniprot_id,SCD1,O00767,HGNC:10571,ENSG00000099194,,protein,ferrdb_driver|ferrdb_suppressor
435,Q86SK9,uniprot_id,SCD5,Q86SK9,HGNC:21088,ENSG00000145284,,protein,ferrdb_driver|ferrdb_suppressor
436,Q9P0U3,uniprot_id,SENP1,Q9P0U3,HGNC:17927,ENSG00000079387,,protein,ferrdb_driver|ferrdb_suppressor
437,P36955,uniprot_id,SERPINF1,P36955,HGNC:8824,ENSG00000132386,,protein,ferrdb_driver|ferrdb_suppressor
438,Q9Y6P5,uniprot_id,SESN1,Q9Y6P5,HGNC:21595,ENSG00000080546,,protein,ferrdb_driver|ferrdb_suppressor
439,P58004,uniprot_id,SESN2,P58004,HGNC:20746,ENSG00000130766,,protein,ferrdb_driver|ferrdb_suppressor
440,O15047,uniprot_id,SETD1A,O15047,HGNC:29010,ENSG00000099381,,protein,ferrdb_driver|ferrdb_suppressor
441,Q9BYW2,uniprot_id,SETD2,Q9BYW2,HGNC:18420,ENSG00000181555,,protein,ferrdb_driver|ferrdb_suppressor
442,Q9HBY8,uniprot_id,SGK2,Q9HBY8,HGNC:13900,ENSG00000101049,,protein,ferrdb_driver|ferrdb_suppressor
443,Q9H0F6,uniprot_id,SHARPIN,Q9H0F6,HGNC:25321,ENSG00000179526,,protein,ferrdb_driver|ferrdb_suppressor
444,O43255,uniprot_id,SIAH2,O43255,HGNC:10858,ENSG00000181788,,protein,ferrdb_driver|ferrdb_suppressor
445,Q96EB6,uniprot_id,SIRT1,Q96EB6,HGNC:14929,ENSG00000096717,,protein,ferrdb_driver|ferrdb_suppressor
446,Q9NTG7,uniprot_id,SIRT3,Q9NTG7,HGNC:14931,ENSG00000142082,,protein,ferrdb_driver|ferrdb_suppressor
447,SIRT4,uniprot_id,SIRT4,Q9Y6E7,,,,protein,ferrdb_driver|ferrdb_suppressor
448,Q8N6T7,uniprot_id,SIRT6,Q8N6T7,HGNC:14934,ENSG00000077463,,protein,ferrdb_driver|ferrdb_suppressor
449,P49281,uniprot_id,SLC11A2,P49281,HGNC:10908,ENSG00000110911,,protein,ferrdb_driver|ferrdb_suppressor
450,Q9H2X9,uniprot_id,SLC12A5,Q9H2X9,HGNC:13818,ENSG00000124140,,protein,ferrdb_driver|ferrdb_suppressor
451,P53985,uniprot_id,SLC16A1,P53985,HGNC:10922,ENSG00000155380,,protein,ferrdb_driver|ferrdb_suppressor
452,Q15758,uniprot_id,SLC1A5,Q15758,HGNC:10943,ENSG00000105281,,protein,ferrdb_driver|ferrdb_marker|ferrdb_suppressor
453,SLC25A10,uniprot_id,SLC25A10,Q9UBX3,,,,protein,ferrdb_driver|ferrdb_suppressor
454,Q02978,uniprot_id,SLC25A11,Q02978,HGNC:10981,ENSG00000108528,,protein,ferrdb_driver|ferrdb_suppressor
455,Q9H936,uniprot_id,SLC25A22,Q9H936,HGNC:19954,ENSG00000177542,,protein,ferrdb_driver|ferrdb_suppressor
456,SLC25A37,uniprot_id,SLC25A37,Q9NYZ2,,,,protein,ferrdb_driver|ferrdb_suppressor
457,Q6P1M0,uniprot_id,SLC27A4,Q6P1M0,HGNC:10998,ENSG00000167114,,protein,ferrdb_driver|ferrdb_suppressor
458,SLC2A1,uniprot_id,SLC2A1,P11166,,,,protein,ferrdb_driver|ferrdb_suppressor
459,Q8TD20,uniprot_id,SLC2A12,Q8TD20,HGNC:18067,ENSG00000146411,,protein,ferrdb_driver|ferrdb_suppressor
460,Q8IXU6,uniprot_id,SLC35F2,Q8IXU6,HGNC:23615,ENSG00000110660,,protein,ferrdb_driver|ferrdb_suppressor
461,Q8WUX1,uniprot_id,SLC38A5,Q8WUX1,HGNC:18070,ENSG00000017483,,protein,ferrdb_driver|ferrdb_suppressor
462,Q15043,uniprot_id,SLC39A14,Q15043,HGNC:20858,ENSG00000104635,,protein,ferrdb_driver|ferrdb_suppressor
463,P08195,uniprot_id,SLC3A2,P08195,HGNC:11026,ENSG00000168003,,protein,ferrdb_driver|ferrdb_suppressor
464,Q9NP59,uniprot_id,SLC40A1,Q9NP59,HGNC:10909,ENSG00000138449,,protein,ferrdb_driver|ferrdb_suppressor
465,Q8N370,uniprot_id,SLC43A2,Q8N370,HGNC:23087,ENSG00000167703,,protein,ferrdb_driver|ferrdb_suppressor
466,Q96FL8,uniprot_id,SLC47A1,Q96FL8,HGNC:25588,ENSG00000142494,,protein,ferrdb_driver|ferrdb_suppressor
467,Q9UPY5,uniprot_id,SLC7A11,Q9UPY5,HGNC:11059,ENSG00000151012,,protein,ferrdb_driver|ferrdb_marker|ferrdb_suppressor
468,SMANTIS,Symbol,SMANTIS,,,,,nd,ferrdb_driver|ferrdb_suppressor
469,SNAI1P1,Symbol,SNAI1P1,,,,,nd,ferrdb_driver|ferrdb_suppressor
470,Q7KZF4,uniprot_id,SND1,Q7KZF4,HGNC:30646,ENSG00000197157,,protein,ferrdb_driver|ferrdb_suppressor
471,SOCS2,uniprot_id,SOCS2,O14508,,,,protein,ferrdb_driver|ferrdb_suppressor
472,P04179,uniprot_id,SOD2,P04179,HGNC:11180,ENSG00000291237,,protein,ferrdb_driver|ferrdb_suppressor
473,P48431,uniprot_id,SOX2,P48431,HGNC:11195,ENSG00000181449,,protein,ferrdb_driver|ferrdb_suppressor
474,P17947,uniprot_id,SPI1,P17947,HGNC:11241,ENSG00000066336,,protein,ferrdb_driver|ferrdb_suppressor
475,SPIC,uniprot_id,SPIC,Q8N5J4,,,,protein,ferrdb_driver|ferrdb_suppressor
476,O60575,uniprot_id,SPINK4,O60575,HGNC:16646,ENSG00000122711,,protein,ferrdb_driver|ferrdb_suppressor
477,Q14534,uniprot_id,SQLE,Q14534,HGNC:11279,ENSG00000104549,,protein,ferrdb_driver|ferrdb_suppressor
478,Q9Y6N5,uniprot_id,SQOR,Q9Y6N5,HGNC:20390,ENSG00000137767,,protein,ferrdb_driver|ferrdb_suppressor
479,Q13501,uniprot_id,SQSTM1,Q13501,HGNC:11280,ENSG00000161011,,protein,ferrdb_driver|ferrdb_suppressor
480,P12931,uniprot_id,SRC,P12931,HGNC:11283,ENSG00000197122,,protein,ferrdb_driver|ferrdb_suppressor
481,P36956,uniprot_id,SREBF1,P36956,HGNC:11289,ENSG00000072310,,protein,ferrdb_driver|ferrdb_suppressor
482,Q12772,uniprot_id,SREBF2,Q12772,HGNC:11290,ENSG00000198911,,protein,ferrdb_driver|ferrdb_suppressor
483,Q07955,uniprot_id,SRSF1,Q07955,HGNC:10780,ENSG00000136450,,protein,ferrdb_driver|ferrdb_suppressor
484,Q13242,uniprot_id,SRSF9,Q13242,HGNC:10791,ENSG00000111786,,protein,ferrdb_driver|ferrdb_suppressor
485,Q9NQZ5,uniprot_id,STARD7,Q9NQZ5,HGNC:18063,ENSG00000084090,,protein,ferrdb_driver|ferrdb_suppressor
486,STAT2,uniprot_id,STAT2,P52630,,,,protein,ferrdb_driver|ferrdb_suppressor
487,P40763,uniprot_id,STAT3,P40763,HGNC:11364,ENSG00000168610,,protein,ferrdb_driver|ferrdb_suppressor
488,P42226,uniprot_id,STAT6,P42226,HGNC:11368,ENSG00000166888,,protein,ferrdb_driver|ferrdb_suppressor
489,P52823,uniprot_id,STC1,P52823,HGNC:11373,ENSG00000159167,,protein,ferrdb_driver|ferrdb_suppressor
490,O76061,uniprot_id,STC2,O76061,HGNC:11374,ENSG00000113739,,protein,ferrdb_driver|ferrdb_suppressor
491,Q658P3,uniprot_id,STEAP3,Q658P3,HGNC:24592,ENSG00000115107,,protein,ferrdb_driver|ferrdb_suppressor
492,Q15831,uniprot_id,STK11,Q15831,HGNC:11389,ENSG00000118046,,protein,ferrdb_driver|ferrdb_suppressor
493,STMN1,uniprot_id,STMN1,P16949,,,,protein,ferrdb_driver|ferrdb_suppressor
494,Q9UMX1,uniprot_id,SUFU,Q9UMX1,HGNC:16466,ENSG00000107882,,protein,ferrdb_driver|ferrdb_suppressor
495,O43463,uniprot_id,SUV39H1,O43463,HGNC:11479,ENSG00000101945,,protein,ferrdb_driver|ferrdb_suppressor
496,Q86TM6,uniprot_id,SYVN1,Q86TM6,HGNC:20738,ENSG00000162298,,protein,ferrdb_driver|ferrdb_suppressor
497,_NA_,uniprot_id,Sestrin2,_NA_,_NA_,_NA_,,protein,ferrdb_driver|ferrdb_suppressor
498,O43435,uniprot_id,TBX1,O43435,HGNC:11592,ENSG00000184058,,protein,ferrdb_driver|ferrdb_suppressor
499,P15884,uniprot_id,TCF4,P15884,HGNC:11634,ENSG00000196628,,protein,ferrdb_driver|ferrdb_suppressor
500,Q15554,uniprot_id,TERF2,Q15554,HGNC:11729,ENSG00000132604,,protein,ferrdb_driver|ferrdb_suppressor
501,Q6N021,uniprot_id,TET2,Q6N021,HGNC:25941,ENSG00000168769,,protein,ferrdb_driver|ferrdb_suppressor
502,P02787,uniprot_id,TF,P02787,HGNC:11740,ENSG00000091513,,protein,ferrdb_driver|ferrdb_suppressor
503,Q00059,uniprot_id,TFAM,Q00059,HGNC:11741,ENSG00000108064,,protein,ferrdb_driver|ferrdb_suppressor
504,P05549,uniprot_id,TFAP2A,P05549,HGNC:11742,ENSG00000137203,,protein,ferrdb_driver|ferrdb_suppressor
505,TFEB,uniprot_id,TFEB,P19484,,,,protein,ferrdb_driver|ferrdb_suppressor
506,P02786,uniprot_id,TFRC,P02786,HGNC:11763,ENSG00000072274,,protein,ferrdb_driver|ferrdb_marker|ferrdb_suppressor
507,Q9NQ88,uniprot_id,TIGAR,Q9NQ88,HGNC:1185,ENSG00000078237,,protein,ferrdb_driver|ferrdb_suppressor
508,P01033,uniprot_id,TIMP1,P01033,HGNC:11820,ENSG00000102265,,protein,ferrdb_driver|ferrdb_suppressor
509,Q9HC24,uniprot_id,TMBIM4,Q9HC24,HGNC:24257,ENSG00000155957,,protein,ferrdb_driver|ferrdb_suppressor
510,Q9BVK8,uniprot_id,TMEM147,Q9BVK8,HGNC:30414,ENSG00000105677,,protein,ferrdb_driver|ferrdb_suppressor
511,TOB2P1,Symbol,TOB2P1,,,,,nd,ferrdb_driver|ferrdb_suppressor
512,P04637,uniprot_id,TP53,P04637,HGNC:11998,ENSG00000141510,,protein,ferrdb_driver|ferrdb_suppressor
513,Q9H3D4,uniprot_id,TP63,Q9H3D4,HGNC:15979,ENSG00000073282,,protein,ferrdb_driver|ferrdb_suppressor
514,TRAF6,uniprot_id,TRAF6,Q9Y4K3,,,,protein,ferrdb_driver|ferrdb_suppressor
515,Q92519,uniprot_id,TRIB2,Q92519,HGNC:30809,ENSG00000071575,,protein,ferrdb_driver|ferrdb_suppressor
516,Q96F44,uniprot_id,TRIM11,Q96F44,HGNC:16281,ENSG00000154370,,protein,ferrdb_driver|ferrdb_suppressor
517,P19474,uniprot_id,TRIM21,P19474,HGNC:11312,ENSG00000132109,,protein,ferrdb_driver|ferrdb_suppressor
518,Q12899,uniprot_id,TRIM26,Q12899,HGNC:12962,ENSG0000023412,,protein,ferrdb_driver|ferrdb_suppressor
519,TRIM59,uniprot_id,TRIM59,Q8IWR1,,,,protein,ferrdb_driver|ferrdb_suppressor
520,Q9C030,uniprot_id,TRIM6,Q9C030,HGNC:16277,ENSG00000121236,,protein,ferrdb_driver|ferrdb_suppressor
521,Q9C029,uniprot_id,TRIM7,Q9C029,HGNC:16278,ENSG00000146054,,protein,ferrdb_driver|ferrdb_suppressor
522,O94759,uniprot_id,TRPM2,O94759,HGNC:12339,ENSG00000142185,,protein,ferrdb_driver|ferrdb_suppressor
523,Q8NER1,uniprot_id,TRPV1,Q8NER1,HGNC:12716,ENSG00000196689,,protein,ferrdb_driver|ferrdb_suppressor
524,A0A6I8PU40,uniprot_id,TUG1,A0A6I8PU40,HGNC:26066,ENSG00000253352,,protein,ferrdb_driver|ferrdb_suppressor
525,O95881,uniprot_id,TXNDC12,O95881,HGNC:24626,ENSG00000117862,,protein,ferrdb_driver|ferrdb_suppressor
526,TXNIP,uniprot_id,TXNIP,Q9H3M7,,,,protein,ferrdb_driver|ferrdb_suppressor
527,Q06418,uniprot_id,TYRO3,Q06418,HGNC:12446,ENSG00000092445,,protein,ferrdb_driver|ferrdb_suppressor
528,P15374,uniprot_id,UCHL3,P15374,HGNC:12515,ENSG00000118939,,protein,ferrdb_driver|ferrdb_suppressor
529,Q9NWZ5,uniprot_id,UCKL1,Q9NWZ5,HGNC:15938,ENSG00000198276,,protein,ferrdb_driver|ferrdb_suppressor
530,O94874,uniprot_id,UFL1,O94874,HGNC:23039,ENSG00000014123,,protein,ferrdb_driver|ferrdb_suppressor
531,Q96T88,uniprot_id,UHRF1,Q96T88,HGNC:12556,ENSG00000276043,,protein,ferrdb_driver|ferrdb_suppressor
532,Q15853,uniprot_id,USF2,Q15853,HGNC:12594,ENSG00000105698,,protein,ferrdb_driver|ferrdb_suppressor
533,P51784,uniprot_id,USP11,P51784,HGNC:12609,ENSG00000102226,,protein,ferrdb_driver|ferrdb_suppressor
534,P54578,uniprot_id,USP14,P54578,HGNC:12612,ENSG00000101557,,protein,ferrdb_driver|ferrdb_suppressor
535,Q9Y2K6,uniprot_id,USP20,Q9Y2K6,HGNC:12619,ENSG00000136878,,protein,ferrdb_driver|ferrdb_suppressor
536,Q9P2H5,uniprot_id,USP35,Q9P2H5,HGNC:20061,ENSG00000118369,,protein,ferrdb_driver|ferrdb_suppressor
537,P45974,uniprot_id,USP5,P45974,HGNC:12628,ENSG00000111667,,protein,ferrdb_driver|ferrdb_suppressor
538,P40818,uniprot_id,USP8,P40818,HGNC:12631,ENSG00000138592,,protein,ferrdb_driver|ferrdb_suppressor
539,Q9Y3A2,uniprot_id,UTP11,Q9Y3A2,HGNC:24329,ENSG00000183520,,protein,ferrdb_driver|ferrdb_suppressor
540,P63027,uniprot_id,VAMP2,P63027,HGNC:12643,ENSG00000220205,,protein,ferrdb_driver|ferrdb_suppressor
541,VAMP8,uniprot_id,VAMP8,Q9BV40,,,,protein,ferrdb_driver|ferrdb_suppressor
542,P55072,uniprot_id,VCP,P55072,HGNC:12666,ENSG00000165280,,protein,ferrdb_driver|ferrdb_suppressor
543,VDAC1,uniprot_id,VDAC1,P21796,,,,protein,ferrdb_driver|ferrdb_suppressor
544,P45880,uniprot_id,VDAC2,P45880,HGNC:12672,ENSG00000165637,,protein,ferrdb_driver|ferrdb_suppressor
545,P11473,uniprot_id,VDR,P11473,HGNC:12679,ENSG00000111424,,protein,ferrdb_driver|ferrdb_suppressor
546,Q69YN4,uniprot_id,VIRMA,Q69YN4,HGNC:24500,ENSG00000164944,,protein,ferrdb_driver|ferrdb_suppressor
547,Q8N0U8,uniprot_id,VKORC1L1,Q8N0U8,HGNC:21492,ENSG00000196715,,protein,ferrdb_driver|ferrdb_suppressor
548,Q969T9,uniprot_id,WBP2,Q969T9,HGNC:12738,ENSG00000132471,,protein,ferrdb_driver|ferrdb_suppressor
549,Q15007,uniprot_id,WTAP,Q15007,HGNC:16846,ENSG00000146457,,protein,ferrdb_driver|ferrdb_suppressor
550,WWTR1,uniprot_id,WWTR1,Q9GZV5,,,,protein,ferrdb_driver|ferrdb_suppressor
551,P46937,uniprot_id,YAP1,P46937,HGNC:16262,ENSG00000137693,,protein,ferrdb_driver|ferrdb_suppressor
552,Q9BYJ9,uniprot_id,YTHDF1,Q9BYJ9,HGNC:15867,ENSG00000149658,,protein,ferrdb_driver|ferrdb_suppressor
553,YY1P2,Symbol,YY1P2,,,,,nd,ferrdb_driver|ferrdb_suppressor
554,P10074,uniprot_id,ZBTB48,P10074,HGNC:4930,ENSG00000204859,,protein,ferrdb_driver|ferrdb_suppressor
555,Q5T200,uniprot_id,ZC3H13,Q5T200,HGNC:20368,ENSG00000123200,,protein,ferrdb_driver|ferrdb_suppressor
556,ZEB1,uniprot_id,ZEB1,P37275,,,,protein,ferrdb_driver|ferrdb_suppressor
557,P26651,uniprot_id,ZFP36,P26651,HGNC:12862,ENSG00000128016,,protein,ferrdb_driver|ferrdb_suppressor
558,ZNF263,uniprot_id,ZNF263,O14978,,,,protein,ferrdb_driver|ferrdb_suppressor
559,Q96MN9,uniprot_id,ZNF488,Q96MN9,HGNC:23535,ENSG00000265763,,protein,ferrdb_driver|ferrdb_suppressor
560,Q6NSZ9,uniprot_id,ZSCAN25,Q6NSZ9,HGNC:21961,ENSG00000197037,,protein,ferrdb_driver|ferrdb_suppressor
561,_NA_,uniprot_id,circBBS2,_NA_,_NA_,_NA_,,protein,ferrdb_driver|ferrdb_suppressor
562,ferritin,Symbol,ferritin,,,,,compound,ferrdb_driver|ferrdb_suppressor
563,glutathione,Symbol,glutathione,,,,,compound,ferrdb_driver|ferrdb_suppressor
