,name,primary_id_type,display_name,uniprot_id,hgnc_id,ensg_id,effect_on_ferroptosis,source_table,type
0,Q04828,uniprot_id,AKR1C1,Q04828,HGNC:384,ENSG00000187134,suppresses ferroptosis,ferrdb_suppressor,
1,P52895,uniprot_id,AKR1C2,P52895,HGNC:385,ENSG00000151632,suppresses ferroptosis,ferrdb_suppressor,
2,P42330,uniprot_id,AKR1C3,P42330,HGNC:386,ENSG00000196139,suppresses ferroptosis,ferrdb_suppressor,
3,P06400,uniprot_id,RB1,P06400,HGNC:9884,ENSG00000139687,suppresses ferroptosis,ferrdb_suppressor,
4,P04792,uniprot_id,HSPB1,P04792,HGNC:5246,ENSG00000106211,suppresses ferroptosis,ferrdb_suppressor,
5,Q00613,uniprot_id,HSF1,Q00613,HGNC:5224,ENSG00000185122,suppresses ferroptosis,ferrdb_suppressor,
6,Q9UPY5,uniprot_id,SLC7A11,Q9UPY5,HGNC:11059,ENSG00000151012,suppresses ferroptosis,ferrdb_suppressor,
7,P15559,uniprot_id,NQO1,P15559,HGNC:2874,ENSG00000181019,suppresses ferroptosis,ferrdb_suppressor,
8,P09601,uniprot_id,HMOX1,P09601,HGNC:5013,ENSG00000100292,suppresses ferroptosis,ferrdb_suppressor,
9,P02794,uniprot_id,FTH1,P02794,HGNC:3976,ENSG00000167996,suppresses ferroptosis,ferrdb_suppressor,
10,P13640,uniprot_id,MT1G,P13640,HGNC:7399,ENSG00000125144,suppresses ferroptosis,ferrdb_suppressor,
11,P36969,uniprot_id,GPX4,P36969,HGNC:4556,ENSG00000167468,suppresses ferroptosis,ferrdb_suppressor,
15,O00767,uniprot_id,SCD,O00767,HGNC:10571,ENSG00000099194,suppresses ferroptosis,ferrdb_suppressor,
16,O95864,uniprot_id,FADS2,O95864,HGNC:3575,ENSG00000134824,suppresses ferroptosis,ferrdb_suppressor,
17,P29590,uniprot_id,PML,P29590,HGNC:9113,ENSG00000140464,suppresses ferroptosis,ferrdb_suppressor,
18,Q9H3D4,uniprot_id,TP63,Q9H3D4,HGNC:15979,ENSG00000073282,suppresses ferroptosis,ferrdb_suppressor,
20,P45880,uniprot_id,VDAC2,P45880,HGNC:12672,ENSG00000165637,suppresses ferroptosis,ferrdb_suppressor,
21,P35520,uniprot_id,CBS,P35520,HGNC:1550,ENSG00000160200,suppresses ferroptosis,ferrdb_suppressor,
23,O95573,uniprot_id,ACSL3,O95573,HGNC:3570,ENSG00000123983,suppresses ferroptosis,ferrdb_suppressor,
24,P40763,uniprot_id,STAT3,P40763,HGNC:11364,ENSG00000168610,suppresses ferroptosis,ferrdb_suppressor,
25,Q16790,uniprot_id,CA9,Q16790,HGNC:1383,ENSG00000107159,suppresses ferroptosis,ferrdb_suppressor,
26,Q9HC24,uniprot_id,TMBIM4,Q9HC24,HGNC:24257,ENSG00000155957,suppresses ferroptosis,ferrdb_suppressor,
27,Q9NZZ3,uniprot_id,CHMP5,Q9NZZ3,HGNC:26942,ENSG00000086065,suppresses ferroptosis,ferrdb_suppressor,
28,Q96FZ7,uniprot_id,CHMP6,Q96FZ7,HGNC:25675,ENSG00000176108,suppresses ferroptosis,ferrdb_suppressor,
29,Q9NTG7,uniprot_id,SIRT3,Q9NTG7,HGNC:14931,ENSG00000142082,suppresses ferroptosis,ferrdb_suppressor,
31,O15382,uniprot_id,BCAT2,O15382,HGNC:977,ENSG00000105552,suppresses ferroptosis,ferrdb_suppressor,
33,O60733,uniprot_id,PLA2G6,O60733,HGNC:9039,ENSG00000184381,suppresses ferroptosis,ferrdb_suppressor,
34,Q99497,uniprot_id,PARK7,Q99497,HGNC:16369,ENSG00000116288,suppresses ferroptosis,ferrdb_suppressor,
35,P12830,uniprot_id,CDH1,P12830,HGNC:1748,ENSG00000039068,suppresses ferroptosis,ferrdb_suppressor,
36,P02787,uniprot_id,TF,P02787,HGNC:11740,ENSG00000091513,suppresses ferroptosis,ferrdb_suppressor,
37,Q8N4E7,uniprot_id,FTMT,Q8N4E7,HGNC:17345,ENSG00000181867,suppresses ferroptosis,ferrdb_suppressor,
40,Q8N2K0,uniprot_id,ABHD12,Q8N2K0,HGNC:15868,ENSG00000100997,suppresses ferroptosis,ferrdb_suppressor,
41,Q00059,uniprot_id,TFAM,Q00059,HGNC:11741,ENSG00000108064,suppresses ferroptosis,ferrdb_suppressor,
42,Q07869,uniprot_id,PPARA,Q07869,HGNC:9232,ENSG00000186951,suppresses ferroptosis,ferrdb_suppressor,
43,Q8N271,uniprot_id,PROM2,Q8N271,HGNC:20685,ENSG00000155066,suppresses ferroptosis,ferrdb_suppressor,
45,Q9HBH7,uniprot_id,BEX1,Q9HBH7,HGNC:1036,ENSG00000133169,suppresses ferroptosis,ferrdb_suppressor,
46,P15090,uniprot_id,FABP4,P15090,HGNC:3559,ENSG00000170323,suppresses ferroptosis,ferrdb_suppressor,
48,Q9Y5U8,uniprot_id,MPC1,Q9Y5U8,HGNC:21606,ENSG00000060762,suppresses ferroptosis,ferrdb_suppressor,
49,Q03135,uniprot_id,CAV1,Q03135,HGNC:1527,ENSG00000105974,suppresses ferroptosis,ferrdb_suppressor,
50,P80188,uniprot_id,LCN2,P80188,HGNC:6526,ENSG00000148346,suppresses ferroptosis,ferrdb_suppressor,
52,P0C7P0,uniprot_id,CISD3,P0C7P0,HGNC:27578,ENSG00000277972,suppresses ferroptosis,ferrdb_suppressor,
53,P09488,uniprot_id,GSTM1,P09488,HGNC:4632,ENSG00000134184,suppresses ferroptosis,ferrdb_suppressor,
54,Q99969,uniprot_id,RARRES2,Q99969,HGNC:9868,ENSG00000106538,suppresses ferroptosis,ferrdb_suppressor,
55,Q15365,uniprot_id,PCBP1,Q15365,HGNC:8647,ENSG00000169564,suppresses ferroptosis,ferrdb_suppressor,
56,Q16236,uniprot_id,NFE2L2,Q16236,HGNC:7782,ENSG00000116044,suppresses ferroptosis,ferrdb_suppressor,
57,Q9UNN5,uniprot_id,FAF1,Q9UNN5,HGNC:3578,ENSG00000185104,suppresses ferroptosis,ferrdb_suppressor,
58,Q9NSK7,uniprot_id,C19orf12,Q9NSK7,HGNC:25443,ENSG00000131943,suppresses ferroptosis,ferrdb_suppressor,
59,Q96RI1,uniprot_id,NR1H4,Q96RI1,HGNC:7967,ENSG00000012504,suppresses ferroptosis,ferrdb_suppressor,
60,A5PLL7,uniprot_id,PEDS1,A5PLL7,HGNC:16735,ENSG00000240849,suppresses ferroptosis,ferrdb_suppressor,
61,P23142,uniprot_id,FBLN1,P23142,HGNC:3600,ENSG00000077942,suppresses ferroptosis,ferrdb_suppressor,
65,Q9BRK3,uniprot_id,MXRA8,Q9BRK3,HGNC:7542,ENSG00000162576,suppresses ferroptosis,ferrdb_suppressor,
66,Q8WUJ3,uniprot_id,CEMIP,Q8WUJ3,HGNC:29213,ENSG00000103888,suppresses ferroptosis,ferrdb_suppressor,
67,Q00987,uniprot_id,MDM2,Q00987,HGNC:6973,ENSG00000135679,suppresses ferroptosis,ferrdb_suppressor,
69,Q86U44,uniprot_id,METTL3,Q86U44,HGNC:17563,ENSG00000165819,suppresses ferroptosis,ferrdb_suppressor,
71,Q15366,uniprot_id,PCBP2,Q15366,HGNC:8648,ENSG00000197111,suppresses ferroptosis,ferrdb_suppressor,
72,P19440,uniprot_id,GGT1,P19440,HGNC:4250,ENSG00000100031,suppresses ferroptosis,ferrdb_suppressor,
73,Q9BRQ8,uniprot_id,AIFM2,Q9BRQ8,HGNC:21411,ENSG00000042286,suppresses ferroptosis,ferrdb_suppressor,
75,Q96SL4,uniprot_id,GPX7,Q96SL4,HGNC:4559,ENSG00000116157,suppresses ferroptosis,ferrdb_suppressor,
78,P62330,uniprot_id,ARF6,P62330,HGNC:659,ENSG00000165527,suppresses ferroptosis,ferrdb_suppressor,
79,Q06830,uniprot_id,PRDX1,Q06830,HGNC:9352,ENSG00000117450 ,suppresses ferroptosis,ferrdb_suppressor,
80,P32119,uniprot_id,PRDX2,P32119,HGNC:9353,ENSG00000167815,suppresses ferroptosis,ferrdb_suppressor,
81,Q13162,uniprot_id,PRDX4,Q13162,HGNC:17169,ENSG00000123131,suppresses ferroptosis,ferrdb_suppressor,
82,P30041,uniprot_id,PRDX6,P30041,HGNC:16753,ENSG00000117592,suppresses ferroptosis,ferrdb_suppressor,
84,Q8TCT0,uniprot_id,CERK,Q8TCT0,HGNC:19256,ENSG00000100422,suppresses ferroptosis,ferrdb_suppressor,
85,Q9Y697,uniprot_id,NFS1,Q9Y697,HGNC:15910,ENSG00000244005,suppresses ferroptosis,ferrdb_suppressor,
86,P30530,uniprot_id,AXL,P30530,HGNC:905,ENSG00000167601,suppresses ferroptosis,ferrdb_suppressor,
91,P46937,uniprot_id,YAP1,P46937,HGNC:16262,ENSG00000137693,suppresses ferroptosis,ferrdb_suppressor,
93,P32929,uniprot_id,CSE,P32929,HGNC:2501,ENSG00000116761,suppresses ferroptosis,ferrdb_suppressor,
94,Q9Y6N5,uniprot_id,SQOR,Q9Y6N5,HGNC:20390,ENSG00000137767,suppresses ferroptosis,ferrdb_suppressor,
95,Q6PUV4,uniprot_id,CPLX2,Q6PUV4,HGNC:2310,ENSG00000145920,suppresses ferroptosis,ferrdb_suppressor,
96,Q96FL8,uniprot_id,SLC47A1,Q96FL8,HGNC:25588,ENSG00000142494,suppresses ferroptosis,ferrdb_suppressor,
97,O00425,uniprot_id,IGF2BP3,O00425,HGNC:28868,ENSG00000136231,suppresses ferroptosis,ferrdb_suppressor,
100,P02792,uniprot_id,FTL,P02792,HGNC:3999,ENSG00000087086,suppresses ferroptosis,ferrdb_suppressor,
101,Q5S007,uniprot_id,LRRK2,Q5S007,HGNC:18618,ENSG00000188906,suppresses ferroptosis,ferrdb_suppressor,
102,P55058,uniprot_id,PLTP,P55058,HGNC:9093,ENSG00000100979,suppresses ferroptosis,ferrdb_suppressor,
103,P11142,uniprot_id,HSPA8,P11142,HGNC:5241,ENSG00000109971,suppresses ferroptosis,ferrdb_suppressor,
104,O75030,uniprot_id,MITF,O75030,HGNC:7105,ENSG00000187098,suppresses ferroptosis,ferrdb_suppressor,
105,P14618,uniprot_id,PKM2,P14618,HGNC:9021,ENSG00000067225,suppresses ferroptosis,ferrdb_suppressor,
106,P17174,uniprot_id,GOT1,P17174,HGNC:4432,ENSG00000120053,suppresses ferroptosis,ferrdb_suppressor,
107,Q15758,uniprot_id,SLC1A5,Q15758,HGNC:10943,ENSG00000105281,suppresses ferroptosis,ferrdb_suppressor,
108,P04035,uniprot_id,HMGCR,P04035,HGNC:5006,ENSG00000113161,suppresses ferroptosis,ferrdb_suppressor,
109,Q8N6T7,uniprot_id,SIRT6,Q8N6T7,HGNC:14934,ENSG00000077463,suppresses ferroptosis,ferrdb_suppressor,
111,Q8NER1,uniprot_id,TRPV1,Q8NER1,HGNC:12716,ENSG00000196689,suppresses ferroptosis,ferrdb_suppressor,
112,Q9C029,uniprot_id,TRIM7,Q9C029,HGNC:16278,ENSG00000146054,suppresses ferroptosis,ferrdb_suppressor,
113,P63027,uniprot_id,VAMP2,P63027,HGNC:12643,ENSG00000220205,suppresses ferroptosis,ferrdb_suppressor,
118,O75381,uniprot_id,PEX14,O75381,HGNC:8856,ENSG00000142655,suppresses ferroptosis,ferrdb_suppressor,
121,Q92747,uniprot_id,ARPC1A,Q92747,HGNC:703,ENSG00000241685,suppresses ferroptosis,ferrdb_suppressor,
122,P48163,uniprot_id,ME1,P48163,HGNC:6983,ENSG00000065833,suppresses ferroptosis,ferrdb_suppressor,
124,O60337,uniprot_id,MARCHF6,O60337,HGNC:30550,ENSG00000145495,suppresses ferroptosis,ferrdb_suppressor,
125,Q9NP59,uniprot_id,SLC40A1,Q9NP59,HGNC:10909,ENSG00000138449,suppresses ferroptosis,ferrdb_suppressor,
126,Q6ZNC8,uniprot_id,MBOAT1,Q6ZNC8,HGNC:21579,ENSG00000172197,suppresses ferroptosis,ferrdb_suppressor,
127,Q6ZWT7,uniprot_id,MBOAT2,Q6ZWT7,HGNC:25193,ENSG00000143797,suppresses ferroptosis,ferrdb_suppressor,
128,P42771,uniprot_id,CDKN2A,P42771,HGNC:1787,ENSG00000147889,suppresses ferroptosis,ferrdb_suppressor,
129,P18848,uniprot_id,ATF4,P18848,HGNC:786,ENSG00000128272,suppresses ferroptosis,ferrdb_suppressor,
131,O60931,uniprot_id,CTNS,O60931,HGNC:2518,ENSG00000040531,suppresses ferroptosis,ferrdb_suppressor,
132,P09211,uniprot_id,GSTP1,P09211,HGNC:4638,ENSG00000084207,suppresses ferroptosis,ferrdb_suppressor,
133,Q96G74,uniprot_id,OTUD5,Q96G74,HGNC:25402,ENSG00000068308,suppresses ferroptosis,ferrdb_suppressor,
136,P49281,uniprot_id,SLC11A2,P49281,HGNC:10908,ENSG00000110911,suppresses ferroptosis,ferrdb_suppressor,
137,P51648,uniprot_id,ALDH3A2,P51648,HGNC:403,ENSG00000072210,suppresses ferroptosis,ferrdb_suppressor,
139,P01033,uniprot_id,TIMP1,P01033,HGNC:11820,ENSG00000102265,suppresses ferroptosis,ferrdb_suppressor,
141,Q96P11,uniprot_id,NSUN5,Q96P11,HGNC:16385,ENSG00000130305,,ferrdb_suppressor,
143,O00767,uniprot_id,SCD1,O00767,HGNC:10571,ENSG00000099194,suppresses ferroptosis,ferrdb_suppressor,
144,Q86SK9,uniprot_id,SCD5,Q86SK9,HGNC:21088,ENSG00000145284,suppresses ferroptosis,ferrdb_suppressor,
145,Q07973,uniprot_id,CYP24A1,Q07973,HGNC:2602,ENSG00000019186,suppresses ferroptosis,ferrdb_suppressor,
146,P08195,uniprot_id,SLC3A2,P08195,HGNC:11026,ENSG00000168003,suppresses ferroptosis,ferrdb_suppressor,
148,Q96AV8,uniprot_id,E2F7,Q96AV8,HGNC:23820,ENSG00000165891,suppresses ferroptosis,ferrdb_suppressor,
149,Q5ZPR3,uniprot_id,CD276,Q5ZPR3,HGNC:19137,ENSG00000103855,suppresses ferroptosis,ferrdb_suppressor,
150,P00966,uniprot_id,ASS1,P00966,HGNC:758,ENSG00000130707,suppresses ferroptosis,ferrdb_suppressor,
153,P22830,uniprot_id,FECH,P22830,HGNC:3647,ENSG00000066926,suppresses ferroptosis,ferrdb_suppressor,
156,Q8TD20,uniprot_id,SLC2A12,Q8TD20,HGNC:18067,ENSG00000146411,suppresses ferroptosis,ferrdb_suppressor,
157,Q13093,uniprot_id,PLA2G7,Q13093,HGNC:9040,ENSG00000146070,suppresses ferroptosis,ferrdb_suppressor,
158,Q9H936,uniprot_id,SLC25A22,Q9H936,HGNC:19954,ENSG00000177542,suppresses ferroptosis,ferrdb_suppressor,
159,Q9UEF7,uniprot_id,KL,Q9UEF7,HGNC:6344,ENSG00000133116,,ferrdb_suppressor,
160,O96019,uniprot_id,ACTL6A,O96019,HGNC:24124,ENSG00000136518,suppresses ferroptosis,ferrdb_suppressor,
161,Q8N884,uniprot_id,CGAS,Q8N884,HGNC:21367,ENSG00000164430,suppresses ferroptosis,ferrdb_suppressor,
162,P52306,uniprot_id,RAP1GDS1,P52306,HGNC:9859,ENSG00000138698,suppresses ferroptosis,ferrdb_suppressor,
163,P36956,uniprot_id,SREBF1,P36956,HGNC:11289,ENSG00000072310,suppresses ferroptosis,ferrdb_suppressor,
164,Q8WXF7,uniprot_id,AIFM2,Q8WXF7,HGNC:11231,ENSG00000198513,suppresses ferroptosis,ferrdb_suppressor,
166,Q13822,uniprot_id,ENPP2,Q13822,HGNC:3357,ENSG00000136960,suppresses ferroptosis,ferrdb_suppressor,
168,P36969,uniprot_id,GPX4,P36969,HGNC:4556,ENSG00000167468,promotes ferroptosis,ferrdb_suppressor,
174,Q08431,uniprot_id,MFGE8,Q08431,HGNC:7036,ENSG00000140545,suppresses ferroptosis,ferrdb_suppressor,
175,Q96C86,uniprot_id,DCPS,Q96C86,HGNC:29812,ENSG00000110063,suppresses ferroptosis,ferrdb_suppressor,
178,P16070,uniprot_id,CD44,P16070,HGNC:1681,ENSG00000026508,suppresses ferroptosis,ferrdb_suppressor,
179,P40818,uniprot_id,USP8,P40818,HGNC:12631,ENSG00000138592,suppresses ferroptosis,ferrdb_suppressor,
180,P00533,uniprot_id,EGFR,P00533,HGNC:3236,ENSG00000146648,suppresses ferroptosis,ferrdb_suppressor,
182,P50416,uniprot_id,CPT1A,P50416,HGNC:2328,ENSG00000110090,suppresses ferroptosis,ferrdb_suppressor,
185,O00154,uniprot_id,ACOT7,O00154,HGNC:24157,ENSG00000097021,suppresses ferroptosis,ferrdb_suppressor,
186,O00264,uniprot_id,PGRMC1,O00264,HGNC:16090,ENSG00000101856,suppresses ferroptosis,ferrdb_suppressor,
187,Q96EB6,uniprot_id,SIRT1,Q96EB6,HGNC:14929,ENSG00000096717,suppresses ferroptosis,ferrdb_suppressor,
188,P21810,uniprot_id,BGN,P21810,HGNC:1044,ENSG00000182492,suppresses ferroptosis,ferrdb_suppressor,
190,O60575,uniprot_id,SPINK4,O60575,HGNC:16646,ENSG00000122711,suppresses ferroptosis,ferrdb_suppressor,
191,P30793,uniprot_id,GCH1,P30793,HGNC:4193,ENSG00000131979,suppresses ferroptosis,ferrdb_suppressor,
192,Q6P1M0,uniprot_id,SLC27A4,Q6P1M0,HGNC:10998,ENSG00000167114,suppresses ferroptosis,ferrdb_suppressor,
193,Q09472,uniprot_id,EP300,Q09472,HGNC:3373,ENSG00000100393,suppresses ferroptosis,ferrdb_suppressor,
194,Q8NCD3,uniprot_id,HJURP,Q8NCD3,HGNC:25444,ENSG00000123485,suppresses ferroptosis,ferrdb_suppressor,
197,O00483,uniprot_id,NDUFA4,O00483,HGNC:7687,ENSG00000189043,suppresses ferroptosis,ferrdb_suppressor,
199,O15294,uniprot_id,OGT,O15294,HGNC:8127,ENSG00000147162,suppresses ferroptosis,ferrdb_suppressor,
200,P55283,uniprot_id,CDH4,P55283,HGNC:1763,ENSG00000179242,suppresses ferroptosis,ferrdb_suppressor,
201,P04179,uniprot_id,SOD2,P04179,HGNC:11180,ENSG00000291237,suppresses ferroptosis,ferrdb_suppressor,
202,P10109,uniprot_id,FDX1,P10109,HGNC:3638,ENSG00000137714,suppresses ferroptosis,ferrdb_suppressor,
203,Q9NRX1,uniprot_id,PNO1,Q9NRX1,HGNC:32790,ENSG00000115946,suppresses ferroptosis,ferrdb_suppressor,
205,P54646,uniprot_id,PRKAA2,P54646,HGNC:9377,ENSG00000162409,suppresses ferroptosis,ferrdb_suppressor,
207,O95881,uniprot_id,TXNDC12,O95881,HGNC:24626,ENSG00000117862,suppresses ferroptosis,ferrdb_suppressor,
210,O94925,uniprot_id,GLS,O94925,HGNC:4331,ENSG00000115419,suppresses ferroptosis,ferrdb_suppressor,
213,O43318,uniprot_id,MAP3K7,O43318,HGNC:6859,ENSG00000135341,suppresses ferroptosis,ferrdb_suppressor,
214,Q7Z7M9,uniprot_id,GALNT5,Q7Z7M9,HGNC:4127,ENSG00000136542,suppresses ferroptosis,ferrdb_suppressor,
216,Q6UUV7,uniprot_id,CRTC3,Q6UUV7,HGNC:26148,ENSG00000140577,promotes ferroptosis,ferrdb_suppressor,
217,P05387,uniprot_id,RPLP2,P05387,HGNC:10377,ENSG00000177600,suppresses ferroptosis,ferrdb_suppressor,
218,Q13283,uniprot_id,G3BP1,Q13283,HGNC:30292,ENSG00000145907,suppresses ferroptosis,ferrdb_suppressor,
219,P52926,uniprot_id,HMGA2,P52926,HGNC:5009,ENSG00000149948,suppresses ferroptosis,ferrdb_suppressor,
220,Q8N0U8,uniprot_id,VKORC1L1,Q8N0U8,HGNC:21492,ENSG00000196715,suppresses ferroptosis,ferrdb_suppressor,
222,Q9NQZ5,uniprot_id,STARD7,Q9NQZ5,HGNC:18063,ENSG00000084090,suppresses ferroptosis,ferrdb_suppressor,
223,Q9H300,uniprot_id,PARL,Q9H300,HGNC:18253,ENSG00000175193,suppresses ferroptosis,ferrdb_suppressor,
225,Q9UDY8,uniprot_id,MALT1,Q9UDY8,HGNC:6819,ENSG00000172175,suppresses ferroptosis,ferrdb_suppressor,
226,P10620,uniprot_id,MGST1,P10620,HGNC:7061,ENSG00000008394,suppresses ferroptosis,ferrdb_suppressor,
232,Q13501,uniprot_id,SQSTM1,Q13501,HGNC:11280,ENSG00000161011,suppresses ferroptosis,ferrdb_suppressor,
233,P15941,uniprot_id,MUC1,P15941,HGNC:7508,ENSG00000185499,suppresses ferroptosis,ferrdb_suppressor,
236,Q9NZ45,uniprot_id,CISD1,Q9NZ45,HGNC:30880,ENSG00000122873,suppresses ferroptosis,ferrdb_suppressor,
238,P11021,uniprot_id,HSPA5,P11021,HGNC:5238,ENSG00000044574,suppresses ferroptosis,ferrdb_suppressor,
243,P04637,uniprot_id,TP53,P04637,HGNC:11998,ENSG00000141510,suppresses ferroptosis,ferrdb_suppressor,
244,Q9NRZ9,uniprot_id,HELLS,Q9NRZ9,HGNC:4861,ENSG00000119969,suppresses ferroptosis,ferrdb_suppressor,
245,P12931,uniprot_id,SRC,P12931,HGNC:11283,ENSG00000197122,suppresses ferroptosis,ferrdb_suppressor,
250,P38936,uniprot_id,CDKN1A,P38936,HGNC:1784,ENSG00000124762,suppresses ferroptosis,ferrdb_suppressor,
251,P07954,uniprot_id,FH,P07954,HGNC:3700,ENSG00000091483,suppresses ferroptosis,ferrdb_suppressor,
252,Q8N5K1,uniprot_id,CISD2,Q8N5K1,HGNC:24212,ENSG00000145354,suppresses ferroptosis,ferrdb_suppressor,
256,Q9H1K1,uniprot_id,ISCU,Q9H1K1,HGNC:29882,ENSG00000136003,suppresses ferroptosis,ferrdb_suppressor,
258,Q96FW1,uniprot_id,OTUB1,Q96FW1,HGNC:23077,ENSG00000167770,suppresses ferroptosis,ferrdb_suppressor,
260,O60885,uniprot_id,BRD4,O60885,HGNC:13575,ENSG00000141867,suppresses ferroptosis,ferrdb_suppressor,
263,P58004,uniprot_id,SESN2,P58004,HGNC:20746,ENSG00000130766,suppresses ferroptosis,ferrdb_suppressor,
264,P35240,uniprot_id,NF2,P35240,HGNC:7773,ENSG00000186575,suppresses ferroptosis,ferrdb_suppressor,
265,O00327,uniprot_id,ARNTL,O00327,HGNC:701,ENSG00000133794,suppresses ferroptosis,ferrdb_suppressor,
266,Q16665,uniprot_id,HIF1A,Q16665,HGNC:4910,ENSG00000100644,suppresses ferroptosis,ferrdb_suppressor,
270,P13473,uniprot_id,LAMP2,P13473,HGNC:6501,ENSG00000005893,suppresses ferroptosis,ferrdb_suppressor,
271,P26651,uniprot_id,ZFP36,P26651,HGNC:12862,ENSG00000128016,suppresses ferroptosis,ferrdb_suppressor,
279,Q03135,uniprot_id,CAV1,Q03135,HGNC:1527,ENSG00000105974,promotes ferroptosis,ferrdb_suppressor,
280,P30793,uniprot_id,GCH1,P30793,HGNC:4193,ENSG00000131979,promotes ferroptosis,ferrdb_suppressor,
281,O00625,uniprot_id,PIR,O00625,HGNC:30048,ENSG00000087842,suppresses ferroptosis,ferrdb_suppressor,
282,P48506,uniprot_id,GCLC,P48506,HGNC:4311,ENSG00000001084,suppresses ferroptosis,ferrdb_suppressor,
283,Q9BXC0,uniprot_id,HCAR1,Q9BXC0,HGNC:4532,ENSG00000196917,promotes ferroptosis,ferrdb_suppressor,
284,P53985,uniprot_id,SLC16A1,P53985,HGNC:10922,ENSG00000155380,promotes ferroptosis,ferrdb_suppressor,
285,P31350,uniprot_id,RRM2,P31350,HGNC:10452,ENSG00000171848,suppresses ferroptosis,ferrdb_suppressor,
287,Q12772,uniprot_id,SREBF2,Q12772,HGNC:11290,ENSG00000198911,suppresses ferroptosis,ferrdb_suppressor,
288,O75084,uniprot_id,FZD7,O75084,HGNC:4045,ENSG00000155760,suppresses ferroptosis,ferrdb_suppressor,
289,Q16595,uniprot_id,FXN,Q16595,HGNC:3951,ENSG00000165060,suppresses ferroptosis,ferrdb_suppressor,
290,O43463,uniprot_id,SUV39H1,O43463,HGNC:11479,ENSG00000101945,suppresses ferroptosis,ferrdb_suppressor,
291,P15336,uniprot_id,ATF2,P15336,HGNC:784,ENSG00000115966,suppresses ferroptosis,ferrdb_suppressor,
292,Q15831,uniprot_id,STK11,Q15831,HGNC:11389,ENSG00000118046,suppresses ferroptosis,ferrdb_suppressor,
294,Q96PU5,uniprot_id,NEDD4L,Q96PU5,HGNC:7728,ENSG00000049759,suppresses ferroptosis,ferrdb_suppressor,
295,Q13501,uniprot_id,SQSTM1,Q13501,HGNC:11280,ENSG00000161011,promotes ferroptosis,ferrdb_suppressor,
296,O00767,uniprot_id,SCD,O00767,HGNC:10571,ENSG00000099194,promotes ferroptosis,ferrdb_suppressor,
297,Q16698,uniprot_id,DECR1,Q16698,HGNC:2753,ENSG00000104325,suppresses ferroptosis,ferrdb_suppressor,
300,Q86SX6,uniprot_id,GLRX5,Q86SX6,HGNC:20134,ENSG00000182512,suppresses ferroptosis,ferrdb_suppressor,
302,Q96RD6,uniprot_id,PANX2,Q96RD6,HGNC:8600,ENSG00000073150,promotes ferroptosis,ferrdb_suppressor,
303,P05549,uniprot_id,TFAP2A,P05549,HGNC:11742,ENSG00000137203,suppresses ferroptosis,ferrdb_suppressor,
304,P00450,uniprot_id,CP,P00450,HGNC:2295,ENSG00000047457,promotes ferroptosis,ferrdb_suppressor,
307,Q99988 ,uniprot_id,GDF15,Q99988 ,HGNC:30142,ENSG00000130513,promotes ferroptosis,ferrdb_suppressor,
308,Q7LBC6,uniprot_id,KDM3B,Q7LBC6,HGNC:1337,ENSG00000120733,suppresses ferroptosis,ferrdb_suppressor,
309,O15541,uniprot_id,RNF113A ,O15541,HGNC:12974,ENSG00000125352,suppresses ferroptosis,ferrdb_suppressor,
311,Q16595,uniprot_id,FXN,Q16595,HGNC:3951,ENSG00000165060,promotes ferroptosis,ferrdb_suppressor,
312,P48735,uniprot_id,IDH2,P48735,HGNC:5383,ENSG00000182054,suppresses ferroptosis,ferrdb_suppressor,
313,O43255,uniprot_id,SIAH2,O43255,HGNC:10858,ENSG00000181788,suppresses ferroptosis,ferrdb_suppressor,
314,P54646 ,uniprot_id,PRKAA2,P54646 ,HGNC:9377,ENSG00000162409,promotes ferroptosis,ferrdb_suppressor,
315,P46934,uniprot_id,NEDD4,P46934,HGNC:7727,ENSG00000069869,promotes ferroptosis,ferrdb_suppressor,
317,P10275,uniprot_id,AR,P10275,HGNC:644,ENSG00000169083,suppresses ferroptosis,ferrdb_suppressor,
318,P35520,uniprot_id,CBS,P35520,HGNC:1550,ENSG00000160200,promotes ferroptosis,ferrdb_suppressor,
322,P26651,uniprot_id,ZFP36,P26651,HGNC:12862,ENSG00000128016,promotes ferroptosis,ferrdb_suppressor,
323,P13473,uniprot_id,LAMP2,P13473,HGNC:6501,ENSG00000005893,promotes ferroptosis,ferrdb_suppressor,
324,Q14872,uniprot_id,MTF1,Q14872,HGNC:7428,ENSG00000188786,suppresses ferroptosis,ferrdb_suppressor,
325,P61923,uniprot_id,COPZ1,P61923,HGNC:2243,ENSG00000111481,suppresses ferroptosis,ferrdb_suppressor,
326,O60356,uniprot_id,NUPR1,O60356,HGNC:29990,ENSG00000176046,suppresses ferroptosis,ferrdb_suppressor,
327,Q9P2H5,uniprot_id,USP35,Q9P2H5,HGNC:20061,ENSG00000118369,suppresses ferroptosis,ferrdb_suppressor,
331,P31350,uniprot_id,RRM2,P31350,HGNC:10452,ENSG00000171848,promotes ferroptosis,ferrdb_suppressor,
332,Q9UPY5,uniprot_id,SLC7A11,Q9UPY5,HGNC:11059,ENSG00000151012,promotes ferroptosis,ferrdb_suppressor,
333,Q86YH6,uniprot_id,PDSS2,Q86YH6,HGNC:23041,ENSG00000164494,suppresses ferroptosis,ferrdb_suppressor,
335,P12830,uniprot_id,CDH1,P12830,HGNC:1748,ENSG00000039068,promotes ferroptosis,ferrdb_suppressor,
336,Q96EB6,uniprot_id,SIRT1,Q96EB6,HGNC:14929,ENSG00000096717,promotes ferroptosis,ferrdb_suppressor,
337,Q06418,uniprot_id,TYRO3,Q06418,HGNC:12446,ENSG00000092445,promotes ferroptosis,ferrdb_suppressor,
338,Q8N6T7,uniprot_id,SIRT6,Q8N6T7,HGNC:14934,ENSG00000077463,promotes ferroptosis,ferrdb_suppressor,
339,O95235,uniprot_id,KIF20A,O95235,HGNC:9787,ENSG00000112984,suppresses ferroptosis,ferrdb_suppressor,
340,Q13011,uniprot_id,ECH1,Q13011,HGNC:3149,ENSG00000104823,suppresses ferroptosis,ferrdb_suppressor,
341,P43268,uniprot_id,ETV4,P43268,HGNC:3493,ENSG00000175832,suppresses ferroptosis,ferrdb_suppressor,
342,P55072,uniprot_id,VCP,P55072,HGNC:12666,ENSG00000165280,suppresses ferroptosis,ferrdb_suppressor,
343,P29558,uniprot_id,RBMS1,P29558,HGNC:9907,ENSG00000153250,suppresses ferroptosis,ferrdb_suppressor,
344,O75164,uniprot_id,KDM4A,O75164,HGNC:22978,ENSG00000066135,suppresses ferroptosis,ferrdb_suppressor,
346,Q96RR4,uniprot_id,CAMKK2,Q96RR4,HGNC:1470,ENSG00000110931,suppresses ferroptosis,ferrdb_suppressor,
347,P48431,uniprot_id,SOX2,P48431,HGNC:11195,ENSG00000181449,suppresses ferroptosis,ferrdb_suppressor,
348,Q13242,uniprot_id,SRSF9,Q13242,HGNC:10791,ENSG00000111786,suppresses ferroptosis,ferrdb_suppressor,
349,Q06413,uniprot_id,MEF2C,Q06413,HGNC:6996,ENSG00000081189,promotes ferroptosis,ferrdb_suppressor,
350,P35240,uniprot_id,NF2,P35240,HGNC:7773,ENSG00000186575,promotes ferroptosis,ferrdb_suppressor,
352,P04792,uniprot_id,HSPB1,P04792,HGNC:5246,ENSG00000106211,promotes ferroptosis,ferrdb_suppressor,
353,Q15910,uniprot_id,EZH2,Q15910,HGNC:3527,ENSG00000106462,suppresses ferroptosis,ferrdb_suppressor,
355,P30304,uniprot_id,CDC25A,P30304,HGNC:1725,ENSG00000164045,suppresses ferroptosis,ferrdb_suppressor,
356,P11413,uniprot_id,G6PD,P11413,HGNC:4057,ENSG00000160211,suppresses ferroptosis,ferrdb_suppressor,
359,Q92519,uniprot_id,TRIB2,Q92519,HGNC:30809,ENSG00000071575,suppresses ferroptosis,ferrdb_suppressor,
360,Q02127,uniprot_id,DHODH,Q02127,HGNC:2867,ENSG00000102967,suppresses ferroptosis,ferrdb_suppressor,
363,Q16654,uniprot_id,PDK4,Q16654,HGNC:8812,ENSG00000004799,suppresses ferroptosis,ferrdb_suppressor,
364,P05231,uniprot_id,IL6,P05231,HGNC:6018,ENSG00000136244,suppresses ferroptosis,ferrdb_suppressor,
365,Q99952,uniprot_id,PTPN18,Q99952,HGNC:9649,ENSG00000072135,suppresses ferroptosis,ferrdb_suppressor,
369,O15440,uniprot_id,ABCC5,O15440,HGNC:56,ENSG00000114770,suppresses ferroptosis,ferrdb_suppressor,
371,Q96FL9,uniprot_id,GALNT14,Q96FL9,HGNC:22946,ENSG00000158089,suppresses ferroptosis,ferrdb_suppressor,
372,Q9BQ90,uniprot_id,KLHDC3,Q9BQ90,HGNC:20704,ENSG00000124702,promotes ferroptosis,ferrdb_suppressor,
373,P51784,uniprot_id,USP11,P51784,HGNC:12609,ENSG00000102226,suppresses ferroptosis,ferrdb_suppressor,
374,Q14494,uniprot_id,NFE2L1,Q14494,HGNC:7781,ENSG00000082641,suppresses ferroptosis,ferrdb_suppressor,
376,Q16534,uniprot_id,HLF,Q16534,HGNC:4977,ENSG00000108924,suppresses ferroptosis,ferrdb_suppressor,
378,Q9NQ88,uniprot_id,TIGAR,Q9NQ88,HGNC:1185,ENSG00000078237,suppresses ferroptosis,ferrdb_suppressor,
380,Q14114,uniprot_id,LRP8,Q14114,HGNC:6700,ENSG00000157193,suppresses ferroptosis,ferrdb_suppressor,
381,O94907,uniprot_id,DKK1,O94907,HGNC:2891,ENSG00000107984,suppresses ferroptosis,ferrdb_suppressor,
382,Q8N5F7,uniprot_id,NKAP,Q8N5F7,HGNC:29873,ENSG00000101882,suppresses ferroptosis,ferrdb_suppressor,
383,Q8IV42,uniprot_id,PSTK,Q8IV42,HGNC:28578,ENSG00000179988,suppresses ferroptosis,ferrdb_suppressor,
384,Q14767,uniprot_id,LTBP2,Q14767,HGNC:6715,ENSG00000119681,suppresses ferroptosis,ferrdb_suppressor,
385,P37198,uniprot_id,NUP62,P37198,HGNC:8066,ENSG00000213024,suppresses ferroptosis,ferrdb_suppressor,
386,O43435,uniprot_id,TBX1,O43435,HGNC:11592,ENSG00000184058,suppresses ferroptosis,ferrdb_suppressor,
388,Q92685,uniprot_id,ALG3,Q92685,HGNC:23056,ENSG00000214160,suppresses ferroptosis,ferrdb_suppressor,
390,Q8NCA5,uniprot_id,FAM98A,Q8NCA5,HGNC:24520,ENSG00000119812,suppresses ferroptosis,ferrdb_suppressor,
391,Q658P3,uniprot_id,STEAP3,Q658P3,HGNC:24592,ENSG00000115107,promotes ferroptosis,ferrdb_suppressor,
392,Q8IWT3,uniprot_id,CUL9,Q8IWT3,HGNC:15982,ENSG00000112659,suppresses ferroptosis,ferrdb_suppressor,
394,Q9Y239,uniprot_id,NOD1,Q9Y239,HGNC:16390,ENSG00000106100,suppresses ferroptosis,ferrdb_suppressor,
395,Q9UM47,uniprot_id,NOTCH3,Q9UM47,HGNC:7883,ENSG00000074181,promotes ferroptosis,ferrdb_suppressor,
396,P06733,uniprot_id,ENO1,P06733,HGNC:3350,ENSG00000074800,suppresses ferroptosis,ferrdb_suppressor,
397,P14902,uniprot_id,IDO1,P14902,HGNC:6059,ENSG00000131203,suppresses ferroptosis,ferrdb_suppressor,
398,P18850,uniprot_id,ATF6,P18850,HGNC:791,ENSG00000118217,suppresses ferroptosis,ferrdb_suppressor,
399,P16234,uniprot_id,PDGFRA,P16234,HGNC:8803,ENSG00000134853,promotes ferroptosis,ferrdb_suppressor,
400,Q16236,uniprot_id,NFE2L2,Q16236,HGNC:7782,ENSG00000116044,promotes ferroptosis,ferrdb_suppressor,
401,P42226,uniprot_id,STAT6,P42226,HGNC:11368,ENSG00000166888,suppresses ferroptosis,ferrdb_suppressor,
402,Q14103,uniprot_id,HNRNPD,Q14103,HGNC:5036,ENSG00000138668,promotes ferroptosis,ferrdb_suppressor,
403,P03372,uniprot_id,ESR1,P03372,HGNC:3467,ENSG00000091831,suppresses ferroptosis,ferrdb_suppressor,
404,Q07955,uniprot_id,SRSF1,Q07955,HGNC:10780,ENSG00000136450,suppresses ferroptosis,ferrdb_suppressor,
407,Q96A54,uniprot_id,ADIPOR1,Q96A54,HGNC:24040,ENSG00000159346,promotes ferroptosis,ferrdb_suppressor,
409,P51114,uniprot_id,FXR1,P51114,HGNC:4023,ENSG00000114416,suppresses ferroptosis,ferrdb_suppressor,
410,Q6NSZ9,uniprot_id,ZSCAN25,Q6NSZ9,HGNC:21961,ENSG00000197037,suppresses ferroptosis,ferrdb_suppressor,
411,P49368,uniprot_id,CCT3,P49368,HGNC:1616,ENSG00000163468,suppresses ferroptosis,ferrdb_suppressor,
413,O14965,uniprot_id,AURKA,O14965,HGNC:11393,ENSG00000087586,promotes ferroptosis,ferrdb_suppressor,
414,Q9P0U3,uniprot_id,SENP1,Q9P0U3,HGNC:17927,ENSG00000079387,suppresses ferroptosis,ferrdb_suppressor,
416,Q8NAU1,uniprot_id,FNDC5,Q8NAU1,HGNC:20240,ENSG00000160097,suppresses ferroptosis,ferrdb_suppressor,
418,O94874,uniprot_id,UFL1,O94874,HGNC:23039,ENSG00000014123,promotes ferroptosis,ferrdb_suppressor,
419,P12644,uniprot_id,BMP4,P12644,HGNC:1071,ENSG00000125378,suppresses ferroptosis,ferrdb_suppressor,
420,Q9UMX1,uniprot_id,SUFU,Q9UMX1,HGNC:16466,ENSG00000107882,suppresses ferroptosis,ferrdb_suppressor,
422,Q8WUK0,uniprot_id,PTPMT1,Q8WUK0,HGNC:26965,ENSG00000110536,promotes ferroptosis,ferrdb_suppressor,
423,P02649,uniprot_id,APOE,P02649,HGNC:613,ENSG00000130203,suppresses ferroptosis,ferrdb_suppressor,
424,Q8WYB5,uniprot_id,KAT6B,Q8WYB5,HGNC:17582,ENSG00000156650,suppresses ferroptosis,ferrdb_suppressor,
427,Q96P11,uniprot_id,NSUN5,Q96P11,HGNC:16385,ENSG00000130305,promotes ferroptosis,ferrdb_suppressor,
429,P02654,uniprot_id,APOC1,P02654,HGNC:607,ENSG00000130208,promotes ferroptosis,ferrdb_suppressor,
430,P49768,uniprot_id,PSEN1,P49768,HGNC:9508,ENSG00000080815,suppresses ferroptosis,ferrdb_suppressor,
431,P49810,uniprot_id,PSEN2,P49810,HGNC:9509,ENSG00000143801,suppresses ferroptosis,ferrdb_suppressor,
432,P14866,uniprot_id,HNRNPL,P14866,HGNC:5045,ENSG00000104824,suppresses ferroptosis,ferrdb_suppressor,
433,P15884,uniprot_id,TCF4,P15884,HGNC:11634,ENSG00000196628,suppresses ferroptosis,ferrdb_suppressor,
434,P22455,uniprot_id,FGFR4,P22455,HGNC:3691,ENSG00000160867,suppresses ferroptosis,ferrdb_suppressor,
437,P02794,uniprot_id,FTH1,P02794,HGNC:3976,ENSG00000167996,promotes ferroptosis,ferrdb_suppressor,
438,O43504,uniprot_id,LAMTOR5,O43504,HGNC:17955,ENSG00000134248,suppresses ferroptosis,ferrdb_suppressor,
440,O95631,uniprot_id,NTN1,O95631,HGNC:8029,ENSG00000065320,suppresses ferroptosis,ferrdb_suppressor,
442,Q7KZF4,uniprot_id,SND1,Q7KZF4,HGNC:30646,ENSG00000197157,suppresses ferroptosis,ferrdb_suppressor,
443,Q86W50,uniprot_id,METTL16,Q86W50,HGNC:28484,ENSG00000127804,suppresses ferroptosis,ferrdb_suppressor,
444,Q9C0B1,uniprot_id,FTO,Q9C0B1,HGNC:24678,ENSG00000140718,suppresses ferroptosis,ferrdb_suppressor,
445,O43150,uniprot_id,ASAP2,O43150,HGNC:2721,ENSG00000151693,suppresses ferroptosis,ferrdb_suppressor,
446,P0DMC3,uniprot_id,APELA,P0DMC3,HGNC:48925,ENSG00000248329,suppresses ferroptosis,ferrdb_suppressor,
448,Q8NBP7,uniprot_id,PCSK9,Q8NBP7,HGNC:20001,ENSG00000169174,suppresses ferroptosis,ferrdb_suppressor,
449,P02790,uniprot_id,HPX,P02790,HGNC:5171,ENSG0000011016,suppresses ferroptosis,ferrdb_suppressor,
450,P01106,uniprot_id,MYC,P01106,HGNC:7553,ENSG00000136997,suppresses ferroptosis,ferrdb_suppressor,
452,P52823,uniprot_id,STC1,P52823,HGNC:11373,ENSG00000159167,suppresses ferroptosis,ferrdb_suppressor,
453,O60245,uniprot_id,PCDH7,O60245,HGNC:8659,ENSG00000169851,suppresses ferroptosis,ferrdb_suppressor,
454,Q9BX46,uniprot_id,RBM24,Q9BX46,HGNC:21539,ENSG00000112183,suppresses ferroptosis,ferrdb_suppressor,
455,Q9H0A0,uniprot_id,NAT10,Q9H0A0,HGNC:29830,ENSG00000135372,suppresses ferroptosis,ferrdb_suppressor,
456,P17535,uniprot_id,JUND,P17535,HGNC:6206,ENSG00000130522,suppresses ferroptosis,ferrdb_suppressor,
459,O60341,uniprot_id,KDM1A,O60341,HGNC:29079,ENSG00000004487,suppresses ferroptosis,ferrdb_suppressor,
460,Q8IUX7,uniprot_id,AEBP1,Q8IUX7,HGNC:303,ENSG00000106624,suppresses ferroptosis,ferrdb_suppressor,
461,Q15853,uniprot_id,USF2,Q15853,HGNC:12594,ENSG00000105698,suppresses ferroptosis,ferrdb_suppressor,
463,P35367,uniprot_id,HRH1,P35367,HGNC:5182,ENSG00000196639,suppresses ferroptosis,ferrdb_suppressor,
464,P32322,uniprot_id,PYCR1,P32322,HGNC:9721,ENSG00000183010,suppresses ferroptosis,ferrdb_suppressor,
465,Q9BY76,uniprot_id,ANGPTL4,Q9BY76,HGNC:16039,ENSG00000167772,suppresses ferroptosis,ferrdb_suppressor,
466,Q9H0F6,uniprot_id,SHARPIN,Q9H0F6,HGNC:25321,ENSG00000179526,suppresses ferroptosis,ferrdb_suppressor,
468,O15068,uniprot_id,MCF2L,O15068,HGNC:14576,ENSG00000126217,suppresses ferroptosis,ferrdb_suppressor,
469,O00327,uniprot_id,BMAL1,O00327,HGNC:701,ENSG00000133794,suppresses ferroptosis,ferrdb_suppressor,
470,Q6IMN6,uniprot_id,CAPRIN2,Q6IMN6,HGNC:21259,ENSG00000110888,suppresses ferroptosis,ferrdb_suppressor,
471,Q01954,uniprot_id,BNC1,Q01954,HGNC:1081,ENSG00000169594,suppresses ferroptosis,ferrdb_suppressor,
472,O94759,uniprot_id,TRPM2,O94759,HGNC:12339,ENSG00000142185,suppresses ferroptosis,ferrdb_suppressor,
473,P55157,uniprot_id,MTTP,P55157,HGNC:7467,ENSG00000138823,suppresses ferroptosis,ferrdb_suppressor,
475,P22760,uniprot_id,AADAC,P22760,HGNC:17,ENSG00000114771,suppresses ferroptosis,ferrdb_suppressor,
476,P05106,uniprot_id,ITGB3,P05106,HGNC:6156,ENSG00000259207,suppresses ferroptosis,ferrdb_suppressor,
478,P21554,uniprot_id,CNR1,P21554,HGNC:2159,ENSG00000118432,suppresses ferroptosis,ferrdb_suppressor,
479,P56270,uniprot_id,MAZ,P56270,HGNC:6914,ENSG00000103495,suppresses ferroptosis,ferrdb_suppressor,
480,P11309,uniprot_id,PIM1,P11309,HGNC:8986,ENSG00000137193,suppresses ferroptosis,ferrdb_suppressor,
481,Q02978,uniprot_id,SLC25A11,Q02978,HGNC:10981,ENSG00000108528,suppresses ferroptosis,ferrdb_suppressor,
482,P42898,uniprot_id,MTHFR,P42898,HGNC:7436,ENSG00000177000,suppresses ferroptosis,ferrdb_suppressor,
483,Q8WV92,uniprot_id,MITD1,Q8WV92,HGNC:25207,ENSG00000158411,suppresses ferroptosis,ferrdb_suppressor,
484,Q07869,uniprot_id,PPARA,Q07869,HGNC:9232,ENSG00000186951,promotes ferroptosis,ferrdb_suppressor,
485,O43175,uniprot_id,PHGDH,O43175,HGNC:8923,ENSG00000092621,suppresses ferroptosis,ferrdb_suppressor,
487,P19419,uniprot_id,ELK1,P19419,HGNC:3321,ENSG00000126767,suppresses ferroptosis,ferrdb_suppressor,
488,P23921,uniprot_id,RRM1,P23921,HGNC:10451,ENSG00000167325,suppresses ferroptosis,ferrdb_suppressor,
490,Q96K31,uniprot_id,C8orf76,Q96K31,HGNC:25924,ENSG00000189376,suppresses ferroptosis,ferrdb_suppressor,
492,P12277,uniprot_id,CKB,P12277,HGNC:1991,ENSG00000166165,suppresses ferroptosis,ferrdb_suppressor,
494,P51572,uniprot_id,BAP31,P51572,HGNC:16695,ENSG00000185825,suppresses ferroptosis,ferrdb_suppressor,
497,Q96S42,uniprot_id,NODAL,Q96S42,HGNC:7865,ENSG00000156574,suppresses ferroptosis,ferrdb_suppressor,
499,Q9C009,uniprot_id,FOXQ1,Q9C009,HGNC:20951,ENSG00000164379,suppresses ferroptosis,ferrdb_suppressor,
500,Q969V6,uniprot_id,MRTFA,Q969V6,HGNC:14334,ENSG00000196588,suppresses ferroptosis,ferrdb_suppressor,
501,Q15554,uniprot_id,TERF2,Q15554,HGNC:11729,ENSG00000132604,suppresses ferroptosis,ferrdb_suppressor,
502,O76021,uniprot_id,RSL1D1,O76021,HGNC:24534,ENSG00000171490,suppresses ferroptosis,ferrdb_suppressor,
503,Q15007,uniprot_id,WTAP,Q15007,HGNC:16846,ENSG00000146457,suppresses ferroptosis,ferrdb_suppressor,
504,P10074,uniprot_id,ZBTB48,P10074,HGNC:4930,ENSG00000204859,suppresses ferroptosis,ferrdb_suppressor,
505,P52272,uniprot_id,HNRNPM,P52272,HGNC:5046,ENSG00000099783,suppresses ferroptosis,ferrdb_suppressor,
506,P56282,uniprot_id,POLE2,P56282,HGNC:9178,ENSG00000100479,suppresses ferroptosis,ferrdb_suppressor,
509,Q15043,uniprot_id,SLC39A14,Q15043,HGNC:20858,ENSG00000104635,suppresses ferroptosis,ferrdb_suppressor,
511,P14921,uniprot_id,ETS1,P14921,HGNC:3488,ENSG00000134954,suppresses ferroptosis,ferrdb_suppressor,
512,P17947,uniprot_id,SPI1,P17947,HGNC:11241,ENSG00000066336,suppresses ferroptosis,ferrdb_suppressor,
514,Q9BXI9,uniprot_id,C1QTNF6,Q9BXI9,HGNC:14343,ENSG00000133466,suppresses ferroptosis,ferrdb_suppressor,
516,P19474,uniprot_id,TRIM21,P19474,HGNC:11312,ENSG00000132109,suppresses ferroptosis,ferrdb_suppressor,
517,P45983,uniprot_id,MAPK8,P45983,HGNC:6881,ENSG00000107643,suppresses ferroptosis,ferrdb_suppressor,
522,_NA_,uniprot_id,MIR96,_NA_,HGNC:31648,ENSG00000199158,suppresses ferroptosis,ferrdb_suppressor,
523,_NA_,uniprot_id,circBBS2,_NA_,_NA_,_NA_,suppresses ferroptosis,ferrdb_suppressor,
524,P10620,uniprot_id,MGST1,P10620,HGNC:7061,ENSG00000008394,promotes ferroptosis,ferrdb_suppressor,
525,Q6B0I6,uniprot_id,KDM4D,Q6B0I6,HGNC:25498,ENSG00000186280,suppresses ferroptosis,ferrdb_suppressor,
530,Q13562,uniprot_id,NEUROD1,Q13562,HGNC:7762,ENSG00000162992,suppresses ferroptosis,ferrdb_suppressor,
533,P16220,uniprot_id,CREB1,P16220,HGNC:2345,ENSG00000118260,suppresses ferroptosis,ferrdb_suppressor,
534,Q9BYJ9,uniprot_id,YTHDF1,Q9BYJ9,HGNC:15867,ENSG00000149658,suppresses ferroptosis,ferrdb_suppressor,
535,Q08J23,uniprot_id,NSUN2,Q08J23,HGNC:25994,ENSG00000037474,suppresses ferroptosis,ferrdb_suppressor,
536,Q08050,uniprot_id,FOXM1,Q08050,HGNC:3818,ENSG00000111206,suppresses ferroptosis,ferrdb_suppressor,
537,Q9BYW2,uniprot_id,SETD2,Q9BYW2,HGNC:18420,ENSG00000181555,suppresses ferroptosis,ferrdb_suppressor,
539,P53567,uniprot_id,CEBPG,P53567,HGNC:1837,ENSG00000153879,suppresses ferroptosis,ferrdb_suppressor,
542,Q16552,uniprot_id,IL17A,Q16552,HGNC:5981,ENSG00000112115,suppresses ferroptosis,ferrdb_suppressor,
543,P13674,uniprot_id,P4HA1,P13674,HGNC:8546,ENSG00000122884,suppresses ferroptosis,ferrdb_suppressor,
544,O14503,uniprot_id,BHLHE40,O14503,HGNC:1046,ENSG00000134107,suppresses ferroptosis,ferrdb_suppressor,
545,P39748,uniprot_id,FEN1,P39748,HGNC:3650,ENSG00000168496,suppresses ferroptosis,ferrdb_suppressor,
546,Q96P11,uniprot_id,NSUN5,Q96P11,HGNC:16385,ENSG00000130305,suppresses ferroptosis,ferrdb_suppressor,
549,P06493,uniprot_id,CDK1,P06493,HGNC:1722,ENSG00000170312,suppresses ferroptosis,ferrdb_suppressor,
551,Q9HBY8,uniprot_id,SGK2,Q9HBY8,HGNC:13900,ENSG00000101049,suppresses ferroptosis,ferrdb_suppressor,
554,Q99873,uniprot_id,PRMT1,Q99873,HGNC:5187,ENSG00000126457,suppresses ferroptosis,ferrdb_suppressor,
555,Q9BRT9,uniprot_id,GINS4,Q9BRT9,HGNC:28226,ENSG00000147536,suppresses ferroptosis,ferrdb_suppressor,
556,Q9UJ72,uniprot_id,ANXA10,Q9UJ72,HGNC:534,ENSG00000109511,suppresses ferroptosis,ferrdb_suppressor,
558,Q6N021,uniprot_id,TET2,Q6N021,HGNC:25941,ENSG00000168769,suppresses ferroptosis,ferrdb_suppressor,
559,Q8IVP5,uniprot_id,FUNDC1,Q8IVP5,HGNC:28746,ENSG00000069509,suppresses ferroptosis,ferrdb_suppressor,
561,Q86X55,uniprot_id,CARM1,Q86X55,HGNC:23393,ENSG00000142453,suppresses ferroptosis,ferrdb_suppressor,
562,Q96BH1,uniprot_id,RNF25,Q96BH1,HGNC:14662,ENSG00000163481,suppresses ferroptosis,ferrdb_suppressor,
563,Q9C030,uniprot_id,TRIM6,Q9C030,HGNC:16277,ENSG00000121236,suppresses ferroptosis,ferrdb_suppressor,
565,P50553,uniprot_id,ASCL1,P50553,HGNC:738,ENSG00000139352,suppresses ferroptosis,ferrdb_suppressor,
566,Q9Y6P5,uniprot_id,SESN1,Q9Y6P5,HGNC:21595,ENSG00000080546,suppresses ferroptosis,ferrdb_suppressor,
568,P54578,uniprot_id,USP14,P54578,HGNC:12612,ENSG00000101557,suppresses ferroptosis,ferrdb_suppressor,
569,A0A6I8PU40,uniprot_id,TUG1,A0A6I8PU40,HGNC:26066,ENSG00000253352,suppresses ferroptosis,ferrdb_suppressor,
573,P08069,uniprot_id,IGF1R,P08069,HGNC:5465,ENSG00000140443,suppresses ferroptosis,ferrdb_suppressor,
574,P22352,uniprot_id,GPX3,P22352,HGNC:4555,ENSG00000211445,promotes ferroptosis,ferrdb_suppressor,
575,Q8IXU6,uniprot_id,SLC35F2,Q8IXU6,HGNC:23615,ENSG00000110660,suppresses ferroptosis,ferrdb_suppressor,
576,Q5T200,uniprot_id,ZC3H13,Q5T200,HGNC:20368,ENSG00000123200,suppresses ferroptosis,ferrdb_suppressor,
577,Q92786,uniprot_id,PROX1,Q92786,HGNC:9459,ENSG00000117707,suppresses ferroptosis,ferrdb_suppressor,
578,P11310,uniprot_id,ACADM,P11310,HGNC:89,ENSG00000117054,suppresses ferroptosis,ferrdb_suppressor,
579,Q6P2P2,uniprot_id,PRMT9,Q6P2P2,HGNC:25099,ENSG00000164169,suppresses ferroptosis,ferrdb_suppressor,
581,P36955,uniprot_id,SERPINF1,P36955,HGNC:8824,ENSG00000132386,promotes ferroptosis,ferrdb_suppressor,
582,Q9BVK8,uniprot_id,TMEM147,Q9BVK8,HGNC:30414,ENSG00000105677,suppresses ferroptosis,ferrdb_suppressor,
583,P34995,uniprot_id,PTGER1,P34995,HGNC:9593,ENSG00000160951,suppresses ferroptosis,ferrdb_suppressor,
584,O76061,uniprot_id,STC2,O76061,HGNC:11374,ENSG00000113739,promotes ferroptosis,ferrdb_suppressor,
585,Q5XXA6,uniprot_id,ANO1,Q5XXA6,HGNC:21625,ENSG00000131620,suppresses ferroptosis,ferrdb_suppressor,
586,Q9UBK2,uniprot_id,PPARGC1A,Q9UBK2,HGNC:9237,ENSG00000109819,suppresses ferroptosis,ferrdb_suppressor,
587,Q06187,uniprot_id,BTK,Q06187,HGNC:1133,ENSG00000010671,suppresses ferroptosis,ferrdb_suppressor,
588,P10415,uniprot_id,BCL2,P10415,HGNC:990,ENSG00000171791,suppresses ferroptosis,ferrdb_suppressor,
589,Q969T9,uniprot_id,WBP2,Q969T9,HGNC:12738,ENSG00000132471,suppresses ferroptosis,ferrdb_suppressor,
590,Q9NZJ5,uniprot_id,EIF2AK3,Q9NZJ5,HGNC:3255,ENSG00000172071,suppresses ferroptosis,ferrdb_suppressor,
591,O14944,uniprot_id,EREG,O14944,HGNC:3443,ENSG00000124882,suppresses ferroptosis,ferrdb_suppressor,
592,P40121,uniprot_id,CAPG,P40121,HGNC:1474,ENSG00000042493,suppresses ferroptosis,ferrdb_suppressor,
594,O15520,uniprot_id,FGF10,O15520,HGNC:3666,ENSG00000070193,suppresses ferroptosis,ferrdb_suppressor,
596,Q86TM6,uniprot_id,SYVN1,Q86TM6,HGNC:20738,ENSG00000162298,suppresses ferroptosis,ferrdb_suppressor,
597,Q9UBN7,uniprot_id,HDAC6,Q9UBN7,HGNC:14064,ENSG00000094631,suppresses ferroptosis,ferrdb_suppressor,
598,P13667,uniprot_id,PDIA4,P13667,HGNC:30167,ENSG00000155660,suppresses ferroptosis,ferrdb_suppressor,
599,Q9Y2A9,uniprot_id,B3GNT3,Q9Y2A9,HGNC:13528,ENSG00000179913,suppresses ferroptosis,ferrdb_suppressor,
600,Q12899,uniprot_id,TRIM26,Q12899,HGNC:12962,ENSG0000023412,suppresses ferroptosis,ferrdb_suppressor,
601,P01130,uniprot_id,LDLR,P01130,HGNC:6547,ENSG00000130164,suppresses ferroptosis,ferrdb_suppressor,
602,P02654,uniprot_id,APOC1,P02654,HGNC:607,ENSG00000130208,suppresses ferroptosis,ferrdb_suppressor,
604,Q8IYU2,uniprot_id,HACE1,Q8IYU2,HGNC:21033,ENSG00000085382,suppresses ferroptosis,ferrdb_suppressor,
605,O14862,uniprot_id,AIM2,O14862,HGNC:357,ENSG00000163568,suppresses ferroptosis,ferrdb_suppressor,
607,Q14680,uniprot_id,MELK,Q14680,HGNC:16870,ENSG00000165304,suppresses ferroptosis,ferrdb_suppressor,
609,O95760,uniprot_id,IL33,O95760,HGNC:16028,ENSG00000137033,suppresses ferroptosis,ferrdb_suppressor,
610,O15047,uniprot_id,SETD1A,O15047,HGNC:29010,ENSG00000099381,suppresses ferroptosis,ferrdb_suppressor,
612,Q96T37,uniprot_id,RBM15,Q96T37,HGNC:14959,ENSG00000162775,suppresses ferroptosis,ferrdb_suppressor,
614,Q9Y261,uniprot_id,FOXA2,Q9Y261,HGNC:5022,ENSG00000125798,suppresses ferroptosis,ferrdb_suppressor,
615,Q9UIH9,uniprot_id,KLF15,Q9UIH9,HGNC:14536,ENSG00000163884,suppresses ferroptosis,ferrdb_suppressor,
617,Q96HS1,uniprot_id,PGAM5,Q96HS1,HGNC:28763,ENSG00000247077,suppresses ferroptosis,ferrdb_suppressor,
618,_NA_,uniprot_id,Sestrin2,_NA_,_NA_,_NA_,suppresses ferroptosis,ferrdb_suppressor,
619,Q658P3,uniprot_id,STEAP3,Q658P3,HGNC:24592,ENSG00000115107,suppresses ferroptosis,ferrdb_suppressor,
620,Q96MN9,uniprot_id,ZNF488,Q96MN9,HGNC:23535,ENSG00000265763,suppresses ferroptosis,ferrdb_suppressor,
621,Q9BXW9,uniprot_id,FANCD2,Q9BXW9,HGNC:3585,ENSG00000144554,suppresses ferroptosis,ferrdb_suppressor,
622,Q9Y613,uniprot_id,FHOD1,Q9Y613,HGNC:17905,ENSG00000135723,suppresses ferroptosis,ferrdb_suppressor,
625,Q9NZJ7,uniprot_id,MTCH1,Q9NZJ7,HGNC:17586,ENSG00000137409,suppresses ferroptosis,ferrdb_suppressor,
626,Q8WUX1,uniprot_id,SLC38A5,Q8WUX1,HGNC:18070,ENSG00000017483,suppresses ferroptosis,ferrdb_suppressor,
627,O15372,uniprot_id,EIF3H,O15372,HGNC:3273,ENSG00000147677,suppresses ferroptosis,ferrdb_suppressor,
628,Q9BZL6,uniprot_id,PRKD2,Q9BZL6,HGNC:17293,ENSG00000105287,suppresses ferroptosis,ferrdb_suppressor,
629,P18669,uniprot_id,PGAM1,P18669,HGNC:8888,ENSG00000171314,suppresses ferroptosis,ferrdb_suppressor,
630,P31749,uniprot_id,AKT,P31749,HGNC:391,ENSG00000142208,suppresses ferroptosis,ferrdb_suppressor,
633,A1L020,uniprot_id,MEX3A,A1L020,HGNC:33482,ENSG00000254726,suppresses ferroptosis,ferrdb_suppressor,
635,Q9UKA1,uniprot_id,FBXL5,Q9UKA1,HGNC:13602,ENSG00000118564,suppresses ferroptosis,ferrdb_suppressor,
636,Q16678,uniprot_id,CYP1B1,Q16678,HGNC:2597,ENSG00000138061,suppresses ferroptosis,ferrdb_suppressor,
637,P15374,uniprot_id,UCHL3,P15374,HGNC:12515,ENSG00000118939,suppresses ferroptosis,ferrdb_suppressor,
638,Q9C098,uniprot_id,DCLK3,Q9C098,HGNC:19005,ENSG00000163673,suppresses ferroptosis,ferrdb_suppressor,
639,P41595,uniprot_id,HTR2B,P41595,HGNC:5294,ENSG00000135914,promotes ferroptosis,ferrdb_suppressor,
640,Q9H2X9,uniprot_id,SLC12A5,Q9H2X9,HGNC:13818,ENSG00000124140,suppresses ferroptosis,ferrdb_suppressor,
642,Q9NP58,uniprot_id,ABCB6,Q9NP58,HGNC:47,ENSG00000115657,suppresses ferroptosis,ferrdb_suppressor,
643,Q9Y3A2,uniprot_id,UTP11,Q9Y3A2,HGNC:24329,ENSG00000183520,suppresses ferroptosis,ferrdb_suppressor,
644,Q96F44,uniprot_id,TRIM11,Q96F44,HGNC:16281,ENSG00000154370,suppresses ferroptosis,ferrdb_suppressor,
645,P53350,uniprot_id,PLK1,P53350,HGNC:9077,ENSG00000166851,suppresses ferroptosis,ferrdb_suppressor,
646,Q8N370,uniprot_id,SLC43A2,Q8N370,HGNC:23087,ENSG00000167703,suppresses ferroptosis,ferrdb_suppressor,
647,Q86TI2,uniprot_id,DPP9,Q86TI2,HGNC:18648,ENSG00000142002,suppresses ferroptosis,ferrdb_suppressor,
650,P31153,uniprot_id,MAT2A,P31153,HGNC:6904,ENSG00000168906,suppresses ferroptosis,ferrdb_suppressor,
651,P51843,uniprot_id,NR0B1,P51843,HGNC:7960,ENSG00000169297,promotes ferroptosis,ferrdb_suppressor,
654,P35869,uniprot_id,AHR,P35869,HGNC:348,ENSG00000106546,suppresses ferroptosis,ferrdb_suppressor,
655,P49450,uniprot_id,CENPA,P49450,HGNC:1851,ENSG00000115163,suppresses ferroptosis,ferrdb_suppressor,
656,P54851,uniprot_id,EMP2,P54851,HGNC:3334,ENSG00000213853,suppresses ferroptosis,ferrdb_suppressor,
658,P46937,uniprot_id,YAP1,P46937,HGNC:16262,ENSG00000137693,promotes ferroptosis,ferrdb_suppressor,
659,P33121,uniprot_id,ACSL1,P33121,HGNC:3569 ,ENSG00000151726,promotes ferroptosis,ferrdb_suppressor,
660,Q9P003,uniprot_id,CNIH4,Q9P003,HGNC:25013 ,ENSG00000143771,promotes ferroptosis,ferrdb_suppressor,
661,Q96T88,uniprot_id,UHRF1,Q96T88,HGNC:12556,ENSG00000276043,suppresses ferroptosis,ferrdb_suppressor,
662,P11473,uniprot_id,VDR,P11473,HGNC:12679,ENSG00000111424,suppresses ferroptosis,ferrdb_suppressor,
665,Q9NZH6,uniprot_id,IL37,Q9NZH6,HGNC:15563,ENSG00000125571,suppresses ferroptosis,ferrdb_suppressor,
666,Q69YN4,uniprot_id,VIRMA,Q69YN4,HGNC:24500,ENSG00000164944,suppresses ferroptosis,ferrdb_suppressor,
667,O14744,uniprot_id,PRMT5,O14744,HGNC:10894,ENSG00000100462,suppresses ferroptosis,ferrdb_suppressor,
669,Q9HCE5,uniprot_id,METTL14,Q9HCE5,HGNC:29330,ENSG00000145388,suppresses ferroptosis,ferrdb_suppressor,
670,P10145,uniprot_id,CXCL8,P10145,HGNC:6025,ENSG00000169429,promotes ferroptosis,ferrdb_suppressor,
672,P15976,uniprot_id,GATA1,P15976,HGNC:4170,ENSG00000102145,suppresses ferroptosis,ferrdb_suppressor,
673,Q15109,uniprot_id,AGER,Q15109,HGNC:320,ENSG00000204305,suppresses ferroptosis,ferrdb_suppressor,
674,Q9NWZ5,uniprot_id,UCKL1,Q9NWZ5,HGNC:15938,ENSG00000198276,suppresses ferroptosis,ferrdb_suppressor,
676,O15379,uniprot_id,HDAC3,O15379,HGNC:4854,ENSG00000171720,suppresses ferroptosis,ferrdb_suppressor,
677,P09038,uniprot_id,FGF2,P09038,HGNC:3676,ENSG00000138685,suppresses ferroptosis,ferrdb_suppressor,
678,Q9Y2K6,uniprot_id,USP20,Q9Y2K6,HGNC:12619,ENSG00000136878,suppresses ferroptosis,ferrdb_suppressor,
680,P04839,uniprot_id,CYBB,P04839,HGNC:2578,ENSG00000165168,suppresses ferroptosis,ferrdb_suppressor,
681,P08575,uniprot_id,PTPRC,P08575,HGNC:9666,ENSG00000081237,suppresses ferroptosis,ferrdb_suppressor,
682,Q14534,uniprot_id,SQLE,Q14534,HGNC:11279,ENSG00000104549,suppresses ferroptosis,ferrdb_suppressor,
683,P23771,uniprot_id,GATA3,P23771,HGNC:4172,ENSG00000107485,suppresses ferroptosis,ferrdb_suppressor,
685,P45974,uniprot_id,USP5,P45974,HGNC:12628,ENSG00000111667,suppresses ferroptosis,ferrdb_suppressor,
686,P31749,uniprot_id,AKT1,P31749,HGNC:391,ENSG00000142208,suppresses ferroptosis,ferrdb_suppressor,
687,Q9UEF7,uniprot_id,KL,Q9UEF7,HGNC:6344,ENSG00000133116,suppresses ferroptosis,ferrdb_suppressor,
688,Q9H1A3,uniprot_id,METTL9,Q9H1A3,HGNC:24586,ENSG00000197006,suppresses ferroptosis,ferrdb_suppressor,
689,Q9NYP7,uniprot_id,ELOVL5,Q9NYP7,HGNC:21308,ENSG00000012660,suppresses ferroptosis,ferrdb_suppressor,
690,P24592,uniprot_id,IGFBP6,P24592,HGNC:5475,ENSG00000167779,suppresses ferroptosis,ferrdb_suppressor,
692,Q9NQR1,uniprot_id,KMT5A,Q9NQR1,HGNC:29489,ENSG00000183955,suppresses ferroptosis,ferrdb_suppressor,
693,Q92597,uniprot_id,NDRG1,Q92597,HGNC:7679,ENSG00000104419,suppresses ferroptosis,ferrdb_suppressor,
695,Q9BWD1,uniprot_id,ACAT2,Q9BWD1,HGNC:94,ENSG00000120437,suppresses ferroptosis,ferrdb_suppressor,
696,Q00653,uniprot_id,NFKB2,Q00653,HGNC:7795,ENSG00000077150,suppresses ferroptosis,ferrdb_suppressor,
697,SLC7A11,Symbol,SLC7A11,,,,suppresses ferroptosis,ferrdb_suppressor,protein
698,LOC111365197,Symbol,LOC111365197,,,,suppresses ferroptosis,ferrdb_suppressor,protein
699,SQSTM1,Symbol,SQSTM1,,,,suppresses ferroptosis,ferrdb_suppressor,protein
700,KEAP1,Symbol,KEAP1,,,,suppresses ferroptosis,ferrdb_suppressor,protein
701,HSPA5P1,Symbol,HSPA5P1,,,,suppresses ferroptosis,ferrdb_suppressor,protein
702,GPX4,Symbol,GPX4,,,,suppresses ferroptosis,ferrdb_suppressor,protein
703,ATF4,Symbol,ATF4,,,,suppresses ferroptosis,ferrdb_suppressor,protein
705,HELLS,Symbol,HELLS,,,,suppresses ferroptosis,ferrdb_suppressor,protein
706,SLC2A1,Symbol,SLC2A1,,,,suppresses ferroptosis,ferrdb_suppressor,protein
707,SCD,Symbol,SCD,,,,suppresses ferroptosis,ferrdb_suppressor,protein
708,FADS2,Symbol,FADS2,,,,suppresses ferroptosis,ferrdb_suppressor,protein
709,FRK,Symbol,FRK,,,,suppresses ferroptosis,ferrdb_suppressor,protein
710,PRECSIT,Symbol,PRECSIT,,,,suppresses ferroptosis,ferrdb_suppressor,protein
711,ACSL4,Symbol,ACSL4,,,,suppresses ferroptosis,ferrdb_suppressor,protein
712,NFS1,Symbol,NFS1,,,,suppresses ferroptosis,ferrdb_suppressor,protein
713,TFRC,Symbol,TFRC,,,,suppresses ferroptosis,ferrdb_suppressor,protein
714,LOC102723713,Symbol,LOC102723713,,,,suppresses ferroptosis,ferrdb_suppressor,protein
715,PANDAR,Symbol,PANDAR,,,,suppresses ferroptosis,ferrdb_suppressor,protein
716,FH,Symbol,FH,,,,suppresses ferroptosis,ferrdb_suppressor,protein
717,FTH1,Symbol,FTH1,,,,suppresses ferroptosis,ferrdb_suppressor,protein
718,SLC40A1,Symbol,SLC40A1,,,,suppresses ferroptosis,ferrdb_suppressor,protein
719,HMOX1,Symbol,HMOX1,,,,suppresses ferroptosis,ferrdb_suppressor,protein
720,ISCU,Symbol,ISCU,,,,suppresses ferroptosis,ferrdb_suppressor,protein
721,OTUB1,Symbol,OTUB1,,,,suppresses ferroptosis,ferrdb_suppressor,protein
722,GAPLINC,Symbol,GAPLINC,,,,suppresses ferroptosis,ferrdb_suppressor,protein
723,NF2,Symbol,NF2,,,,suppresses ferroptosis,ferrdb_suppressor,protein
724,YAP1,Symbol,YAP1,,,,suppresses ferroptosis,ferrdb_suppressor,protein
725,BMAL1,Symbol,BMAL1,,,,suppresses ferroptosis,ferrdb_suppressor,protein
726,EGLN2,Symbol,EGLN2,,,,suppresses ferroptosis,ferrdb_suppressor,protein
727,HIF1A,Symbol,HIF1A,,,,suppresses ferroptosis,ferrdb_suppressor,protein
728,LAMP2,Symbol,LAMP2,,,,suppresses ferroptosis,ferrdb_suppressor,protein
729,ZFP36L2,Symbol,ZFP36L2,,,,suppresses ferroptosis,ferrdb_suppressor,protein
730,ATG16L1,Symbol,ATG16L1,,,,suppresses ferroptosis,ferrdb_suppressor,protein
731,CNNM1,Symbol,CNNM1,,,,suppresses ferroptosis,ferrdb_suppressor,protein
732,GCH1,Symbol,GCH1,,,,promotes ferroptosis,ferrdb_suppressor,protein
733,HMGB1,Symbol,HMGB1,,,,suppresses ferroptosis,ferrdb_suppressor,protein
734,PRKAA2,Symbol,PRKAA2,,,,promotes ferroptosis,ferrdb_suppressor,protein
735,SREBF1,Symbol,SREBF1,,,,promotes ferroptosis,ferrdb_suppressor,protein
736,SCD,Symbol,SCD,,,,promotes ferroptosis,ferrdb_suppressor,protein
737,RRM2,Symbol,RRM2,,,,suppresses ferroptosis,ferrdb_suppressor,protein
738,GSS,Symbol,GSS,,,,suppresses ferroptosis,ferrdb_suppressor,protein
739,SREBF2,Symbol,SREBF2,,,,suppresses ferroptosis,ferrdb_suppressor,protein
740,F3,Symbol,F3,,,,suppresses ferroptosis,ferrdb_suppressor,protein
741,FZD7,Symbol,FZD7,,,,suppresses ferroptosis,ferrdb_suppressor,protein
742,SUV39H1,Symbol,SUV39H1,,,,suppresses ferroptosis,ferrdb_suppressor,protein
743,DPP4,Symbol,DPP4,,,,suppresses ferroptosis,ferrdb_suppressor,protein
744,ATF2,Symbol,ATF2,,,,suppresses ferroptosis,ferrdb_suppressor,protein
745,GABPA,Symbol,GABPA,,,,suppresses ferroptosis,ferrdb_suppressor,protein
746,STK11,Symbol,STK11,,,,suppresses ferroptosis,ferrdb_suppressor,protein
747,ACACA,Symbol,ACACA,,,,suppresses ferroptosis,ferrdb_suppressor,protein
748,FADD,Symbol,FADD,,,,suppresses ferroptosis,ferrdb_suppressor,protein
749,FOCAD,Symbol,FOCAD,,,,suppresses ferroptosis,ferrdb_suppressor,protein
750,PTK2,Symbol,PTK2,,,,suppresses ferroptosis,ferrdb_suppressor,protein
751,NEDD4L,Symbol,NEDD4L,,,,suppresses ferroptosis,ferrdb_suppressor,protein
752,LTF,Symbol,LTF,,,,suppresses ferroptosis,ferrdb_suppressor,protein
753,GABPA,Symbol,GABPA,,,,promotes ferroptosis,ferrdb_suppressor,protein
754,glutathione,compound_name,Glutathione,,,,suppresses ferroptosis,ferrdb_suppressor,compound
755,TFAP2A,Symbol,TFAP2A,,,,suppresses ferroptosis,ferrdb_suppressor,protein
756,CP,Symbol,CP,,,,promotes ferroptosis,ferrdb_suppressor,protein
757,ARF6,Symbol,ARF6,,,,suppresses ferroptosis,ferrdb_suppressor,protein
758,GDF15,Symbol,GDF15,,,,promotes ferroptosis,ferrdb_suppressor,protein
759,KDM3B,Symbol,KDM3B,,,,suppresses ferroptosis,ferrdb_suppressor,protein
760,PARK7P2,Symbol,PARK7P2,,,,suppresses ferroptosis,ferrdb_suppressor,protein
761,AHCY,Symbol,AHCY,,,,suppresses ferroptosis,ferrdb_suppressor,protein
762,SIAH2-AS1,Symbol,SIAH2-AS1,,,,suppresses ferroptosis,ferrdb_suppressor,protein
763,NEDD4L,Symbol,NEDD4L,,,,promotes ferroptosis,ferrdb_suppressor,protein
764,AIFM2,Symbol,AIFM2,,,,suppresses ferroptosis,ferrdb_suppressor,protein
765,IST1,Symbol,IST1,,,,suppresses ferroptosis,ferrdb_suppressor,protein
766,OR5AR1,Symbol,OR5AR1,,,,suppresses ferroptosis,ferrdb_suppressor,protein
767,CHMP5P1,Symbol,CHMP5P1,,,,suppresses ferroptosis,ferrdb_suppressor,protein
768,CHMP6,Symbol,CHMP6,,,,suppresses ferroptosis,ferrdb_suppressor,protein
769,MTF1,Symbol,MTF1,,,,suppresses ferroptosis,ferrdb_suppressor,protein
770,BRAT1,Symbol,BRAT1,,,,suppresses ferroptosis,ferrdb_suppressor,protein
772,RFESDP1,Symbol,RFESDP1,,,,suppresses ferroptosis,ferrdb_suppressor,protein
773,LOC119369033,Symbol,LOC119369033,,,,suppresses ferroptosis,ferrdb_suppressor,protein
774,LOC117038781,Symbol,LOC117038781,,,,suppresses ferroptosis,ferrdb_suppressor,protein
775,NCOA4,Symbol,NCOA4,,,,suppresses ferroptosis,ferrdb_suppressor,protein
776,ferritin,compound_name,ferritin,,,,suppresses ferroptosis,ferrdb_suppressor,compound
777,NUPR1,Symbol,NUPR1,,,,suppresses ferroptosis,ferrdb_suppressor,protein
778,LCN2,Symbol,LCN2,,,,suppresses ferroptosis,ferrdb_suppressor,protein
779,USP35,Symbol,USP35,,,,suppresses ferroptosis,ferrdb_suppressor,protein
780,HSF1,Symbol,HSF1,,,,suppresses ferroptosis,ferrdb_suppressor,protein
781,PROM2,Symbol,PROM2,,,,suppresses ferroptosis,ferrdb_suppressor,protein
782,PTGS2,Symbol,PTGS2,,,,suppresses ferroptosis,ferrdb_suppressor,protein
783,glutathione,compound_name,glutathione,,,,promotes ferroptosis,ferrdb_suppressor,compound
784,PDSS2,Symbol,PDSS2,,,,suppresses ferroptosis,ferrdb_suppressor,protein
785,SIRLNT,Symbol,SIRLNT,,,,promotes ferroptosis,ferrdb_suppressor,protein
786,TYRO3,Symbol,TYRO3,,,,promotes ferroptosis,ferrdb_suppressor,protein
787,LOC503540,Symbol,LOC503540,,,,promotes ferroptosis,ferrdb_suppressor,protein
788,SIRT6,Symbol,SIRT6,,,,promotes ferroptosis,ferrdb_suppressor,protein
789,KIF20A,Symbol,KIF20A,,,,suppresses ferroptosis,ferrdb_suppressor,protein
790,NUAK1,Symbol,NUAK1,,,,suppresses ferroptosis,ferrdb_suppressor,protein
791,ECH1,Symbol,ECH1,,,,suppresses ferroptosis,ferrdb_suppressor,protein
792,ETV4,Symbol,ETV4,,,,suppresses ferroptosis,ferrdb_suppressor,protein
793,LOC100287188,Symbol,LOC100287188,,,,suppresses ferroptosis,ferrdb_suppressor,protein
794,RBMS1,Symbol,RBMS1,,,,suppresses ferroptosis,ferrdb_suppressor,protein
795,KDM4A,Symbol,KDM4A,,,,suppresses ferroptosis,ferrdb_suppressor,protein
796,MGST1,Symbol,MGST1,,,,suppresses ferroptosis,ferrdb_suppressor,protein
797,ALOX5,Symbol,ALOX5,,,,suppresses ferroptosis,ferrdb_suppressor,protein
798,CAMKK2,Symbol,CAMKK2,,,,suppresses ferroptosis,ferrdb_suppressor,protein
799,SOX2,Symbol,SOX2,,,,suppresses ferroptosis,ferrdb_suppressor,protein
800,SRSF9,Symbol,SRSF9,,,,suppresses ferroptosis,ferrdb_suppressor,protein
801,MEF2C,Symbol,MEF2C,,,,promotes ferroptosis,ferrdb_suppressor,protein
802,CDH1,Symbol,CDH1,,,,promotes ferroptosis,ferrdb_suppressor,protein
803,HSPBAP1,Symbol,HSPBAP1,,,,promotes ferroptosis,ferrdb_suppressor,protein
804,PEDS1,Symbol,PEDS1,,,,suppresses ferroptosis,ferrdb_suppressor,protein
805,FAR1-IT1,Symbol,FAR1-IT1,,,,suppresses ferroptosis,ferrdb_suppressor,protein
806,CDC25A,Symbol,CDC25A,,,,suppresses ferroptosis,ferrdb_suppressor,protein
807,TOB2P1,Symbol,TOB2P1,,,,suppresses ferroptosis,ferrdb_suppressor,protein
808,LOC108281126,Symbol,LOC108281126,,,,suppresses ferroptosis,ferrdb_suppressor,protein
809,POR,Symbol,POR,,,,suppresses ferroptosis,ferrdb_suppressor,protein
810,CISD2,Symbol,CISD2,,,,suppresses ferroptosis,ferrdb_suppressor,protein
811,BECN1P2,Symbol,BECN1P2,,,,suppresses ferroptosis,ferrdb_suppressor,protein
812,TRIB2,Symbol,TRIB2,,,,suppresses ferroptosis,ferrdb_suppressor,protein
813,IL6,Symbol,IL6,,,,suppresses ferroptosis,ferrdb_suppressor,protein
814,PTPN18,Symbol,PTPN18,,,,suppresses ferroptosis,ferrdb_suppressor,protein
815,RPP38,Symbol,RPP38,,,,suppresses ferroptosis,ferrdb_suppressor,protein
816,ATL1,Symbol,ATL1,,,,suppresses ferroptosis,ferrdb_suppressor,protein
817,ABCC5,Symbol,ABCC5,,,,suppresses ferroptosis,ferrdb_suppressor,protein
818,LOC128462411,Symbol,LOC128462411,,,,suppresses ferroptosis,ferrdb_suppressor,protein
819,GALNT14,Symbol,GALNT14,,,,suppresses ferroptosis,ferrdb_suppressor,protein
820,EPS8,Symbol,EPS8,,,,suppresses ferroptosis,ferrdb_suppressor,protein
821,LAMTOR3,Symbol,LAMTOR3,,,,suppresses ferroptosis,ferrdb_suppressor,protein
822,KLHDC3,Symbol,KLHDC3,,,,promotes ferroptosis,ferrdb_suppressor,protein
823,CDKN2A,Symbol,CDKN2A,,,,promotes ferroptosis,ferrdb_suppressor,protein
824,LOC100130841,Symbol,LOC100130841,,,,promotes ferroptosis,ferrdb_suppressor,protein
825,MILIP,Symbol,MILIP,,,,promotes ferroptosis,ferrdb_suppressor,protein
826,USP11,Symbol,USP11,,,,suppresses ferroptosis,ferrdb_suppressor,protein
827,NFE2L1,Symbol,NFE2L1,,,,suppresses ferroptosis,ferrdb_suppressor,protein
828,HLFP1,Symbol,HLFP1,,,,suppresses ferroptosis,ferrdb_suppressor,protein
829,GGT1,Symbol,GGT1,,,,suppresses ferroptosis,ferrdb_suppressor,protein
830,TIGAR,Symbol,TIGAR,,,,suppresses ferroptosis,ferrdb_suppressor,protein
831,LRP8,Symbol,LRP8,,,,suppresses ferroptosis,ferrdb_suppressor,protein
832,DKK1,Symbol,DKK1,,,,suppresses ferroptosis,ferrdb_suppressor,protein
833,NKAPD1,Symbol,NKAPD1,,,,suppresses ferroptosis,ferrdb_suppressor,protein
834,PSTK,Symbol,PSTK,,,,suppresses ferroptosis,ferrdb_suppressor,protein
835,LTBP2,Symbol,LTBP2,,,,suppresses ferroptosis,ferrdb_suppressor,protein
836,NUP62,Symbol,NUP62,,,,suppresses ferroptosis,ferrdb_suppressor,protein
838,ALG3P1,Symbol,ALG3P1,,,,suppresses ferroptosis,ferrdb_suppressor,protein
839,FAM98A,Symbol,FAM98A,,,,suppresses ferroptosis,ferrdb_suppressor,protein
840,STEAP3-AS1,Symbol,STEAP3-AS1,,,,promotes ferroptosis,ferrdb_suppressor,protein
841,CUL9,Symbol,CUL9,,,,suppresses ferroptosis,ferrdb_suppressor,protein
842,HNRNPC,Symbol,HNRNPC,,,,suppresses ferroptosis,ferrdb_suppressor,protein
843,SLC47A1,Symbol,SLC47A1,,,,suppresses ferroptosis,ferrdb_suppressor,protein
844,NOD1,Symbol,NOD1,,,,suppresses ferroptosis,ferrdb_suppressor,protein
846,SPIC,Symbol,SPIC,,,,suppresses ferroptosis,ferrdb_suppressor,protein
848,COL1A1,Symbol,COL1A1,,,,suppresses ferroptosis,ferrdb_suppressor,protein
849,NOTCH3,Symbol,NOTCH3,,,,promotes ferroptosis,ferrdb_suppressor,protein
850,PRDX6,Symbol,PRDX6,,,,promotes ferroptosis,ferrdb_suppressor,protein
851,ENO1,Symbol,ENO1,,,,suppresses ferroptosis,ferrdb_suppressor,protein
852,CNOT6,Symbol,CNOT6,,,,suppresses ferroptosis,ferrdb_suppressor,protein
853,ACO1,Symbol,ACO1,,,,suppresses ferroptosis,ferrdb_suppressor,protein
854,SLC25A37,Symbol,SLC25A37,,,,suppresses ferroptosis,ferrdb_suppressor,protein
855,IDO1,Symbol,IDO1,,,,suppresses ferroptosis,ferrdb_suppressor,protein
856,ATF6,Symbol,ATF6,,,,suppresses ferroptosis,ferrdb_suppressor,protein
857,PLA2G4A,Symbol,PLA2G4A,,,,suppresses ferroptosis,ferrdb_suppressor,protein
858,PDGFRA,Symbol,PDGFRA,,,,promotes ferroptosis,ferrdb_suppressor,protein
859,KDR,Symbol,KDR,,,,promotes ferroptosis,ferrdb_suppressor,protein
860,STAT6,Symbol,STAT6,,,,suppresses ferroptosis,ferrdb_suppressor,protein
861,LOC111413017,Symbol,LOC111413017,,,,suppresses ferroptosis,ferrdb_suppressor,protein
862,HNRNPD,Symbol,HNRNPD,,,,promotes ferroptosis,ferrdb_suppressor,protein
863,ATF3,Symbol,ATF3,,,,promotes ferroptosis,ferrdb_suppressor,protein
864,BNAT1,Symbol,BNAT1,,,,suppresses ferroptosis,ferrdb_suppressor,protein
866,LOC100129957,Symbol,LOC100129957,,,,suppresses ferroptosis,ferrdb_suppressor,protein
867,ADIPOR1,Symbol,ADIPOR1,,,,promotes ferroptosis,ferrdb_suppressor,protein
868,SLC3A2,Symbol,SLC3A2,,,,suppresses ferroptosis,ferrdb_suppressor,protein
869,FXR1,Symbol,FXR1,,,,suppresses ferroptosis,ferrdb_suppressor,protein
870,ZSCAN25,Symbol,ZSCAN25,,,,suppresses ferroptosis,ferrdb_suppressor,protein
871,CCT3,Symbol,CCT3,,,,suppresses ferroptosis,ferrdb_suppressor,protein
872,AURKA,Symbol,AURKA,,,,promotes ferroptosis,ferrdb_suppressor,protein
873,SENP1,Symbol,SENP1,,,,suppresses ferroptosis,ferrdb_suppressor,protein
874,ANKRD20A20P,Symbol,ANKRD20A20P,,,,suppresses ferroptosis,ferrdb_suppressor,protein
875,FNDC5,Symbol,FNDC5,,,,suppresses ferroptosis,ferrdb_suppressor,protein
876,UFL1,Symbol,UFL1,,,,promotes ferroptosis,ferrdb_suppressor,protein
878,BMP4,Symbol,BMP4,,,,suppresses ferroptosis,ferrdb_suppressor,protein
879,SUFU,Symbol,SUFU,,,,suppresses ferroptosis,ferrdb_suppressor,protein
880,PLA2G6,Symbol,PLA2G6,,,,suppresses ferroptosis,ferrdb_suppressor,protein
881,PTPMT1,Symbol,PTPMT1,,,,promotes ferroptosis,ferrdb_suppressor,protein
882,APOE,Symbol,APOE,,,,suppresses ferroptosis,ferrdb_suppressor,protein
883,KAT6B,Symbol,KAT6B,,,,suppresses ferroptosis,ferrdb_suppressor,protein
884,METTL3,Symbol,METTL3,,,,suppresses ferroptosis,ferrdb_suppressor,protein
885,YTHDF1,Symbol,YTHDF1,,,,suppresses ferroptosis,ferrdb_suppressor,protein
886,NSUN5P2,Symbol,NSUN5P2,,,,promotes ferroptosis,ferrdb_suppressor,protein
887,APOC1,Symbol,APOC1,,,,promotes ferroptosis,ferrdb_suppressor,protein
888,PSEN1,Symbol,PSEN1,,,,suppresses ferroptosis,ferrdb_suppressor,protein
889,PSEN2,Symbol,PSEN2,,,,suppresses ferroptosis,ferrdb_suppressor,protein
890,THRIL,Symbol,THRIL,,,,suppresses ferroptosis,ferrdb_suppressor,protein
891,YY1P2,Symbol,YY1P2,,,,suppresses ferroptosis,ferrdb_suppressor,protein
892,CD274,Symbol,CD274,,,,suppresses ferroptosis,ferrdb_suppressor,protein
893,TCF4,Symbol,TCF4,,,,suppresses ferroptosis,ferrdb_suppressor,protein
894,FGFR4,Symbol,FGFR4,,,,suppresses ferroptosis,ferrdb_suppressor,protein
895,G3BP1P1,Symbol,G3BP1P1,,,,suppresses ferroptosis,ferrdb_suppressor,protein
896,LAMTOR1,Symbol,LAMTOR1,,,,suppresses ferroptosis,ferrdb_suppressor,protein
897,SESN2,Symbol,SESN2,,,,suppresses ferroptosis,ferrdb_suppressor,protein
898,LAMTOR5-AS1,Symbol,LAMTOR5-AS1,,,,suppresses ferroptosis,ferrdb_suppressor,protein
899,ZNF263,Symbol,ZNF263,,,,suppresses ferroptosis,ferrdb_suppressor,protein
900,HSPH1,Symbol,HSPH1,,,,suppresses ferroptosis,ferrdb_suppressor,protein
901,NTN1,Symbol,NTN1,,,,suppresses ferroptosis,ferrdb_suppressor,protein
902,SND1,Symbol,SND1,,,,suppresses ferroptosis,ferrdb_suppressor,protein
903,METTL16,Symbol,METTL16,,,,suppresses ferroptosis,ferrdb_suppressor,protein
904,FTOP1,Symbol,FTOP1,,,,suppresses ferroptosis,ferrdb_suppressor,protein
905,APELA,Symbol,APELA,,,,suppresses ferroptosis,ferrdb_suppressor,protein
906,SLC1A5,Symbol,SLC1A5,,,,suppresses ferroptosis,ferrdb_suppressor,protein
907,PCSK9,Symbol,PCSK9,,,,suppresses ferroptosis,ferrdb_suppressor,protein
908,HPX,Symbol,HPX,,,,suppresses ferroptosis,ferrdb_suppressor,protein
909,LOC128598889,Symbol,LOC128598889,,,,suppresses ferroptosis,ferrdb_suppressor,protein
910,GOT1,Symbol,GOT1,,,,suppresses ferroptosis,ferrdb_suppressor,protein
911,STC1,Symbol,STC1,,,,suppresses ferroptosis,ferrdb_suppressor,protein
912,PCDH7,Symbol,PCDH7,,,,suppresses ferroptosis,ferrdb_suppressor,protein
913,RBM24,Symbol,RBM24,,,,suppresses ferroptosis,ferrdb_suppressor,protein
914,THUMPD1,Symbol,THUMPD1,,,,suppresses ferroptosis,ferrdb_suppressor,protein
915,JUND,Symbol,JUND,,,,suppresses ferroptosis,ferrdb_suppressor,protein
916,LINC00976,Symbol,LINC00976,,,,suppresses ferroptosis,ferrdb_suppressor,protein
917,KDM1A,Symbol,KDM1A,,,,suppresses ferroptosis,ferrdb_suppressor,protein
918,MYC,Symbol,MYC,,,,suppresses ferroptosis,ferrdb_suppressor,protein
919,AEBP1,Symbol,AEBP1,,,,suppresses ferroptosis,ferrdb_suppressor,protein
920,USF2,Symbol,USF2,,,,suppresses ferroptosis,ferrdb_suppressor,protein
921,PKM,Symbol,PKM,,,,suppresses ferroptosis,ferrdb_suppressor,protein
922,GLS,Symbol,GLS,,,,suppresses ferroptosis,ferrdb_suppressor,protein
923,HRH1,Symbol,HRH1,,,,suppresses ferroptosis,ferrdb_suppressor,protein
924,PYCR1,Symbol,PYCR1,,,,suppresses ferroptosis,ferrdb_suppressor,protein
925,SLC25A10,Symbol,SLC25A10,,,,suppresses ferroptosis,ferrdb_suppressor,protein
926,ANGPTL4,Symbol,ANGPTL4,,,,suppresses ferroptosis,ferrdb_suppressor,protein
927,SHARPIN,Symbol,SHARPIN,,,,suppresses ferroptosis,ferrdb_suppressor,protein
928,IGF2BP3P1,Symbol,IGF2BP3P1,,,,suppresses ferroptosis,ferrdb_suppressor,protein
930,CAPRIN2,Symbol,CAPRIN2,,,,suppresses ferroptosis,ferrdb_suppressor,protein
931,HMGCR,Symbol,HMGCR,,,,suppresses ferroptosis,ferrdb_suppressor,protein
932,BNC1,Symbol,BNC1,,,,suppresses ferroptosis,ferrdb_suppressor,protein
933,TRPM2,Symbol,TRPM2,,,,suppresses ferroptosis,ferrdb_suppressor,protein
934,MTTP,Symbol,MTTP,,,,suppresses ferroptosis,ferrdb_suppressor,protein
935,PRAP1,Symbol,PRAP1,,,,suppresses ferroptosis,ferrdb_suppressor,protein
936,ZEB1,Symbol,ZEB1,,,,suppresses ferroptosis,ferrdb_suppressor,protein
938,AADAC,Symbol,AADAC,,,,suppresses ferroptosis,ferrdb_suppressor,protein
939,CNR1,Symbol,CNR1,,,,suppresses ferroptosis,ferrdb_suppressor,protein
940,MAZ,Symbol,MAZ,,,,suppresses ferroptosis,ferrdb_suppressor,protein
941,LOC128635605,Symbol,LOC128635605,,,,suppresses ferroptosis,ferrdb_suppressor,protein
942,SLC25A11,Symbol,SLC25A11,,,,suppresses ferroptosis,ferrdb_suppressor,protein
943,MTHFR,Symbol,MTHFR,,,,suppresses ferroptosis,ferrdb_suppressor,protein
944,RNF139,Symbol,RNF139,,,,suppresses ferroptosis,ferrdb_suppressor,protein
945,MITD1,Symbol,MITD1,,,,suppresses ferroptosis,ferrdb_suppressor,protein
946,WWTR1,Symbol,WWTR1,,,,suppresses ferroptosis,ferrdb_suppressor,protein
947,PPARA,Symbol,PPARA,,,,promotes ferroptosis,ferrdb_suppressor,protein
948,FABP1,Symbol,FABP1,,,,promotes ferroptosis,ferrdb_suppressor,protein
949,PHGDH,Symbol,PHGDH,,,,suppresses ferroptosis,ferrdb_suppressor,protein
950,ELK1P1,Symbol,ELK1P1,,,,suppresses ferroptosis,ferrdb_suppressor,protein
951,RRM1,Symbol,RRM1,,,,suppresses ferroptosis,ferrdb_suppressor,protein
952,ZHX1-C8orf76,Symbol,ZHX1-C8orf76,,,,suppresses ferroptosis,ferrdb_suppressor,protein
953,CKB,Symbol,CKB,,,,suppresses ferroptosis,ferrdb_suppressor,protein
954,BCAP31,Symbol,BCAP31,,,,suppresses ferroptosis,ferrdb_suppressor,protein
955,VDAC1,Symbol,VDAC1,,,,suppresses ferroptosis,ferrdb_suppressor,protein
956,OTUD5,Symbol,OTUD5,,,,suppresses ferroptosis,ferrdb_suppressor,protein
957,LOC102723728,Symbol,LOC102723728,,,,suppresses ferroptosis,ferrdb_suppressor,protein
958,MRTFA,Symbol,MRTFA,,,,suppresses ferroptosis,ferrdb_suppressor,protein
959,TERF2IPP1,Symbol,TERF2IPP1,,,,suppresses ferroptosis,ferrdb_suppressor,protein
960,RSL1D1,Symbol,RSL1D1,,,,suppresses ferroptosis,ferrdb_suppressor,protein
961,WTAPP2,Symbol,WTAPP2,,,,suppresses ferroptosis,ferrdb_suppressor,protein
962,ZBTB48,Symbol,ZBTB48,,,,suppresses ferroptosis,ferrdb_suppressor,protein
963,HNRNPM,Symbol,HNRNPM,,,,suppresses ferroptosis,ferrdb_suppressor,protein
964,SMANTIS,Symbol,SMANTIS,,,,suppresses ferroptosis,ferrdb_suppressor,protein
965,POLE2,Symbol,POLE2,,,,suppresses ferroptosis,ferrdb_suppressor,protein
967,SLC39A14,Symbol,SLC39A14,,,,suppresses ferroptosis,ferrdb_suppressor,protein
968,PIRAT1,Symbol,PIRAT1,,,,suppresses ferroptosis,ferrdb_suppressor,protein
969,TIMP1,Symbol,TIMP1,,,,suppresses ferroptosis,ferrdb_suppressor,protein
970,C1QTNF6,Symbol,C1QTNF6,,,,suppresses ferroptosis,ferrdb_suppressor,protein
971,SOCS2,Symbol,SOCS2,,,,suppresses ferroptosis,ferrdb_suppressor,protein
972,AKR1C3,Symbol,AKR1C3,,,,suppresses ferroptosis,ferrdb_suppressor,protein
973,TRIM21,Symbol,TRIM21,,,,suppresses ferroptosis,ferrdb_suppressor,protein
974,JKAMPP1,Symbol,JKAMPP1,,,,suppresses ferroptosis,ferrdb_suppressor,protein
975,CYP24A1,Symbol,CYP24A1,,,,suppresses ferroptosis,ferrdb_suppressor,protein
976,MIR96,Symbol,MIR96,,,,suppresses ferroptosis,ferrdb_suppressor,protein
977,PINK1,Symbol,PINK1,,,,suppresses ferroptosis,ferrdb_suppressor,protein
978,MIR494,Symbol,MIR494,,,,suppresses ferroptosis,ferrdb_suppressor,protein
979,KDM4D,Symbol,KDM4D,,,,suppresses ferroptosis,ferrdb_suppressor,protein
981,HERC2P2,Symbol,HERC2P2,,,,promotes ferroptosis,ferrdb_suppressor,protein
982,VAMP8,Symbol,VAMP8,,,,promotes ferroptosis,ferrdb_suppressor,protein
983,NEUROD1,Symbol,NEUROD1,,,,suppresses ferroptosis,ferrdb_suppressor,protein
984,TXNDC12,Symbol,TXNDC12,,,,suppresses ferroptosis,ferrdb_suppressor,protein
985,CREB1,Symbol,CREB1,,,,suppresses ferroptosis,ferrdb_suppressor,protein
986,NSUN2,Symbol,NSUN2,,,,suppresses ferroptosis,ferrdb_suppressor,protein
987,FOXM1,Symbol,FOXM1,,,,suppresses ferroptosis,ferrdb_suppressor,protein
988,SETD2,Symbol,SETD2,,,,suppresses ferroptosis,ferrdb_suppressor,protein
989,FECH,Symbol,FECH,,,,suppresses ferroptosis,ferrdb_suppressor,protein
990,CEBPG,Symbol,CEBPG,,,,suppresses ferroptosis,ferrdb_suppressor,protein
991,EBF3,Symbol,EBF3,,,,suppresses ferroptosis,ferrdb_suppressor,protein
992,ALOX15,Symbol,ALOX15,,,,suppresses ferroptosis,ferrdb_suppressor,protein
993,IL17A,Symbol,IL17A,,,,suppresses ferroptosis,ferrdb_suppressor,protein
994,P4HA1,Symbol,P4HA1,,,,suppresses ferroptosis,ferrdb_suppressor,protein
995,HMGCS1,Symbol,HMGCS1,,,,suppresses ferroptosis,ferrdb_suppressor,protein
996,BHLHE40,Symbol,BHLHE40,,,,suppresses ferroptosis,ferrdb_suppressor,protein
997,SREBF1,Symbol,SREBF1,,,,suppresses ferroptosis,ferrdb_suppressor,protein
998,FEN1,Symbol,FEN1,,,,suppresses ferroptosis,ferrdb_suppressor,protein
999,CDK1,Symbol,CDK1,,,,suppresses ferroptosis,ferrdb_suppressor,protein
1000,LOC100420130,Symbol,LOC100420130,,,,suppresses ferroptosis,ferrdb_suppressor,protein
1001,E2F6P1,Symbol,E2F6P1,,,,suppresses ferroptosis,ferrdb_suppressor,protein
1002,SGK2,Symbol,SGK2,,,,suppresses ferroptosis,ferrdb_suppressor,protein
1003,NR1H4,Symbol,NR1H4,,,,suppresses ferroptosis,ferrdb_suppressor,protein
1004,ACSL3P1,Symbol,ACSL3P1,,,,suppresses ferroptosis,ferrdb_suppressor,protein
1005,CHTOP,Symbol,CHTOP,,,,suppresses ferroptosis,ferrdb_suppressor,protein
1006,ACSL1,Symbol,ACSL1,,,,suppresses ferroptosis,ferrdb_suppressor,protein
1007,GINS4,Symbol,GINS4,,,,suppresses ferroptosis,ferrdb_suppressor,protein
1008,SNAI1P1,Symbol,SNAI1P1,,,,suppresses ferroptosis,ferrdb_suppressor,protein
1009,ANXA10,Symbol,ANXA10,,,,suppresses ferroptosis,ferrdb_suppressor,protein
1010,TET2,Symbol,TET2,,,,suppresses ferroptosis,ferrdb_suppressor,protein
1011,FUNDC1,Symbol,FUNDC1,,,,suppresses ferroptosis,ferrdb_suppressor,protein
1012,LOC123477752,Symbol,LOC123477752,,,,suppresses ferroptosis,ferrdb_suppressor,protein
1013,AKR1C2,Symbol,AKR1C2,,,,suppresses ferroptosis,ferrdb_suppressor,protein
1014,CARM1,Symbol,CARM1,,,,suppresses ferroptosis,ferrdb_suppressor,protein
1015,RNF25,Symbol,RNF25,,,,suppresses ferroptosis,ferrdb_suppressor,protein
1016,TRIM6,Symbol,TRIM6,,,,suppresses ferroptosis,ferrdb_suppressor,protein
1017,USP8P2,Symbol,USP8P2,,,,suppresses ferroptosis,ferrdb_suppressor,protein
1018,OGT,Symbol,OGT,,,,suppresses ferroptosis,ferrdb_suppressor,protein
1019,ASCL1,Symbol,ASCL1,,,,suppresses ferroptosis,ferrdb_suppressor,protein
1020,SESN1,Symbol,SESN1,,,,suppresses ferroptosis,ferrdb_suppressor,protein
1021,PAK5,Symbol,PAK5,,,,suppresses ferroptosis,ferrdb_suppressor,protein
1022,SIRT3,Symbol,SIRT3,,,,suppresses ferroptosis,ferrdb_suppressor,protein
1023,USP14,Symbol,USP14,,,,suppresses ferroptosis,ferrdb_suppressor,protein
1024,MFGE8,Symbol,MFGE8,,,,suppresses ferroptosis,ferrdb_suppressor,protein
1025,TUG1,Symbol,TUG1,,,,suppresses ferroptosis,ferrdb_suppressor,protein
1026,PDK4,Symbol,PDK4,,,,suppresses ferroptosis,ferrdb_suppressor,protein
1027,MARCHF6,Symbol,MARCHF6,,,,suppresses ferroptosis,ferrdb_suppressor,protein
1028,POMC,Symbol,POMC,,,,suppresses ferroptosis,ferrdb_suppressor,protein
1029,LUNAR1,Symbol,LUNAR1,,,,suppresses ferroptosis,ferrdb_suppressor,protein
1030,GPX3,Symbol,GPX3,,,,promotes ferroptosis,ferrdb_suppressor,protein
1031,SLC35F2,Symbol,SLC35F2,,,,suppresses ferroptosis,ferrdb_suppressor,protein
1032,SEL1L,Symbol,SEL1L,,,,suppresses ferroptosis,ferrdb_suppressor,protein
1033,TRIM59,Symbol,TRIM59,,,,suppresses ferroptosis,ferrdb_suppressor,protein
1034,ZC3H13,Symbol,ZC3H13,,,,suppresses ferroptosis,ferrdb_suppressor,protein
1035,DUOX1,Symbol,DUOX1,,,,suppresses ferroptosis,ferrdb_suppressor,protein
1036,PROX1,Symbol,PROX1,,,,suppresses ferroptosis,ferrdb_suppressor,protein
1037,ACADM,Symbol,ACADM,,,,suppresses ferroptosis,ferrdb_suppressor,protein
1038,PRMT9,Symbol,PRMT9,,,,suppresses ferroptosis,ferrdb_suppressor,protein
1039,HSPA8,Symbol,HSPA8,,,,suppresses ferroptosis,ferrdb_suppressor,protein
1040,SERPINF1,Symbol,SERPINF1,,,,promotes ferroptosis,ferrdb_suppressor,protein
1042,TMEM147,Symbol,TMEM147,,,,suppresses ferroptosis,ferrdb_suppressor,protein
1043,STAT2,Symbol,STAT2,,,,suppresses ferroptosis,ferrdb_suppressor,protein
1044,DHCR7,Symbol,DHCR7,,,,suppresses ferroptosis,ferrdb_suppressor,protein
1045,CYP27A1,Symbol,CYP27A1,,,,suppresses ferroptosis,ferrdb_suppressor,protein
1046,PTGER1,Symbol,PTGER1,,,,suppresses ferroptosis,ferrdb_suppressor,protein
1047,STC2,Symbol,STC2,,,,promotes ferroptosis,ferrdb_suppressor,protein
1048,COPRS,Symbol,COPRS,,,,promotes ferroptosis,ferrdb_suppressor,protein
1049,ANO1,Symbol,ANO1,,,,suppresses ferroptosis,ferrdb_suppressor,protein
1050,PPARGC1A,Symbol,PPARGC1A,,,,suppresses ferroptosis,ferrdb_suppressor,protein
1051,NRF1,Symbol,NRF1,,,,suppresses ferroptosis,ferrdb_suppressor,protein
1052,GSTK1,Symbol,GSTK1,,,,suppresses ferroptosis,ferrdb_suppressor,protein
1053,BTK,Symbol,BTK,,,,suppresses ferroptosis,ferrdb_suppressor,protein
1054,BCL2L12,Symbol,BCL2L12,,,,suppresses ferroptosis,ferrdb_suppressor,protein
1055,WBP2,Symbol,WBP2,,,,suppresses ferroptosis,ferrdb_suppressor,protein
1056,EIF2AK3,Symbol,EIF2AK3,,,,suppresses ferroptosis,ferrdb_suppressor,protein
1057,EREG,Symbol,EREG,,,,suppresses ferroptosis,ferrdb_suppressor,protein
1058,CAPG,Symbol,CAPG,,,,suppresses ferroptosis,ferrdb_suppressor,protein
1059,FGF10,Symbol,FGF10,,,,suppresses ferroptosis,ferrdb_suppressor,protein
1060,LOC119407402,Symbol,LOC119407402,,,,suppresses ferroptosis,ferrdb_suppressor,protein
1061,PDIA4,Symbol,PDIA4,,,,suppresses ferroptosis,ferrdb_suppressor,protein
1062,B3GNT3,Symbol,B3GNT3,,,,suppresses ferroptosis,ferrdb_suppressor,protein
1063,TRIM26,Symbol,TRIM26,,,,suppresses ferroptosis,ferrdb_suppressor,protein
1064,LDLR-AS1,Symbol,LDLR-AS1,,,,suppresses ferroptosis,ferrdb_suppressor,protein
1065,APOC1,Symbol,APOC1,,,,suppresses ferroptosis,ferrdb_suppressor,protein
1066,HACE1,Symbol,HACE1,,,,suppresses ferroptosis,ferrdb_suppressor,protein
1067,AIM2,Symbol,AIM2,,,,suppresses ferroptosis,ferrdb_suppressor,protein
1068,PCBP1,Symbol,PCBP1,,,,suppresses ferroptosis,ferrdb_suppressor,protein
1069,LACTB,Symbol,LACTB,,,,suppresses ferroptosis,ferrdb_suppressor,protein
1070,PISD,Symbol,PISD,,,,suppresses ferroptosis,ferrdb_suppressor,protein
1071,MELK,Symbol,MELK,,,,suppresses ferroptosis,ferrdb_suppressor,protein
1072,ST2,Symbol,ST2,,,,suppresses ferroptosis,ferrdb_suppressor,protein
1073,SETD1A,Symbol,SETD1A,,,,suppresses ferroptosis,ferrdb_suppressor,protein
1074,HJURP,Symbol,HJURP,,,,suppresses ferroptosis,ferrdb_suppressor,protein
1075,RBM15,Symbol,RBM15,,,,suppresses ferroptosis,ferrdb_suppressor,protein
1076,FOXA2,Symbol,FOXA2,,,,suppresses ferroptosis,ferrdb_suppressor,protein
1077,KLF15,Symbol,KLF15,,,,suppresses ferroptosis,ferrdb_suppressor,protein
1078,PGAM5,Symbol,PGAM5,,,,suppresses ferroptosis,ferrdb_suppressor,protein
1079,ZNF488,Symbol,ZNF488,,,,suppresses ferroptosis,ferrdb_suppressor,protein
1080,FANCD2P1,Symbol,FANCD2P1,,,,suppresses ferroptosis,ferrdb_suppressor,protein
1081,JAK2,Symbol,JAK2,,,,suppresses ferroptosis,ferrdb_suppressor,protein
1082,FHOD1,Symbol,FHOD1,,,,suppresses ferroptosis,ferrdb_suppressor,protein
1083,MTCH1P1,Symbol,MTCH1P1,,,,suppresses ferroptosis,ferrdb_suppressor,protein
1084,FOXO1,Symbol,FOXO1,,,,suppresses ferroptosis,ferrdb_suppressor,protein
1085,SLC38A5,Symbol,SLC38A5,,,,suppresses ferroptosis,ferrdb_suppressor,protein
1086,EIF3H,Symbol,EIF3H,,,,suppresses ferroptosis,ferrdb_suppressor,protein
1087,PRKD2,Symbol,PRKD2,,,,suppresses ferroptosis,ferrdb_suppressor,protein
1088,PGAM1,Symbol,PGAM1,,,,suppresses ferroptosis,ferrdb_suppressor,protein
1089,MEX3A,Symbol,MEX3A,,,,suppresses ferroptosis,ferrdb_suppressor,protein
1090,EID2B,Symbol,EID2B,,,,suppresses ferroptosis,ferrdb_suppressor,protein
1091,FBXL5,Symbol,FBXL5,,,,suppresses ferroptosis,ferrdb_suppressor,protein
1092,IREB2,Symbol,IREB2,,,,suppresses ferroptosis,ferrdb_suppressor,protein
1093,CYP1B1,Symbol,CYP1B1,,,,suppresses ferroptosis,ferrdb_suppressor,protein
1094,FBXO10,Symbol,FBXO10,,,,suppresses ferroptosis,ferrdb_suppressor,protein
1095,UCHL3,Symbol,UCHL3,,,,suppresses ferroptosis,ferrdb_suppressor,protein
1096,DCLK3,Symbol,DCLK3,,,,suppresses ferroptosis,ferrdb_suppressor,protein
1097,RNU1-93P,Symbol,RNU1-93P,,,,promotes ferroptosis,ferrdb_suppressor,protein
1098,ABCD1,Symbol,ABCD1,,,,promotes ferroptosis,ferrdb_suppressor,protein
1099,SLC12A5,Symbol,SLC12A5,,,,suppresses ferroptosis,ferrdb_suppressor,protein
1100,ABCB6,Symbol,ABCB6,,,,suppresses ferroptosis,ferrdb_suppressor,protein
1101,UTP11,Symbol,UTP11,,,,suppresses ferroptosis,ferrdb_suppressor,protein
1102,TRIM11-AS1,Symbol,TRIM11-AS1,,,,suppresses ferroptosis,ferrdb_suppressor,protein
1103,SLC43A2,Symbol,SLC43A2,,,,suppresses ferroptosis,ferrdb_suppressor,protein
1104,DPP9,Symbol,DPP9,,,,suppresses ferroptosis,ferrdb_suppressor,protein
1105,MAT2AP1,Symbol,MAT2AP1,,,,suppresses ferroptosis,ferrdb_suppressor,protein
1106,NR0B1,Symbol,NR0B1,,,,promotes ferroptosis,ferrdb_suppressor,protein
1107,LOC124905344,Symbol,LOC124905344,,,,promotes ferroptosis,ferrdb_suppressor,protein
1108,AIP,Symbol,AIP,,,,suppresses ferroptosis,ferrdb_suppressor,protein
1109,CENPA,Symbol,CENPA,,,,suppresses ferroptosis,ferrdb_suppressor,protein
1110,STMN1,Symbol,STMN1,,,,suppresses ferroptosis,ferrdb_suppressor,protein
1111,EMP2P1,Symbol,EMP2P1,,,,suppresses ferroptosis,ferrdb_suppressor,protein
1112,DHODH,Symbol,DHODH,,,,suppresses ferroptosis,ferrdb_suppressor,protein
1113,YAP1P2,Symbol,YAP1P2,,,,promotes ferroptosis,ferrdb_suppressor,protein
1114,GLS,Symbol,GLS,,,,promotes ferroptosis,ferrdb_suppressor,protein
1115,CNIH4,Symbol,CNIH4,,,,promotes ferroptosis,ferrdb_suppressor,protein
1116,UHRF1,Symbol,UHRF1,,,,suppresses ferroptosis,ferrdb_suppressor,protein
1117,TXNIP,Symbol,TXNIP,,,,suppresses ferroptosis,ferrdb_suppressor,protein
1119,VDR,Symbol,VDR,,,,suppresses ferroptosis,ferrdb_suppressor,protein
1120,IL37,Symbol,IL37,,,,suppresses ferroptosis,ferrdb_suppressor,protein
1121,VIRMA,Symbol,VIRMA,,,,suppresses ferroptosis,ferrdb_suppressor,protein
1122,APEX1,Symbol,APEX1,,,,suppresses ferroptosis,ferrdb_suppressor,protein
1123,METTL14,Symbol,METTL14,,,,suppresses ferroptosis,ferrdb_suppressor,protein
1124,TRAF6,Symbol,TRAF6,,,,suppresses ferroptosis,ferrdb_suppressor,protein
1125,CXCL8,Symbol,CXCL8,,,,promotes ferroptosis,ferrdb_suppressor,protein
1126,CXCR2,Symbol,CXCR2,,,,promotes ferroptosis,ferrdb_suppressor,protein
1128,AGER,Symbol,AGER,,,,suppresses ferroptosis,ferrdb_suppressor,protein
1129,SIRT4,Symbol,SIRT4,,,,suppresses ferroptosis,ferrdb_suppressor,protein
1130,UCKL1,Symbol,UCKL1,,,,suppresses ferroptosis,ferrdb_suppressor,protein
1131,PGK1,Symbol,PGK1,,,,suppresses ferroptosis,ferrdb_suppressor,protein
1132,HDAC3,Symbol,HDAC3,,,,suppresses ferroptosis,ferrdb_suppressor,protein
1134,HAMP,Symbol,HAMP,,,,suppresses ferroptosis,ferrdb_suppressor,protein
1135,FGF2,Symbol,FGF2,,,,suppresses ferroptosis,ferrdb_suppressor,protein
1136,KLF2,Symbol,KLF2,,,,suppresses ferroptosis,ferrdb_suppressor,protein
1137,USP20,Symbol,USP20,,,,suppresses ferroptosis,ferrdb_suppressor,protein
1138,PARAL1,Symbol,PARAL1,,,,suppresses ferroptosis,ferrdb_suppressor,protein
1139,CYBB,Symbol,CYBB,,,,suppresses ferroptosis,ferrdb_suppressor,protein
1140,SOD2,Symbol,SOD2,,,,suppresses ferroptosis,ferrdb_suppressor,protein
1141,PTPRC,Symbol,PTPRC,,,,suppresses ferroptosis,ferrdb_suppressor,protein
1142,TFEB,Symbol,TFEB,,,,suppresses ferroptosis,ferrdb_suppressor,protein
1143,SQLE,Symbol,SQLE,,,,suppresses ferroptosis,ferrdb_suppressor,protein
1144,CCNB1,Symbol,CCNB1,,,,suppresses ferroptosis,ferrdb_suppressor,protein
1145,GATA3,Symbol,GATA3,,,,suppresses ferroptosis,ferrdb_suppressor,protein
1146,CYB5R2,Symbol,CYB5R2,,,,suppresses ferroptosis,ferrdb_suppressor,protein
1147,USP5,Symbol,USP5,,,,suppresses ferroptosis,ferrdb_suppressor,protein
1149,AKT1,Symbol,AKT1,,,,suppresses ferroptosis,ferrdb_suppressor,protein
1150,KL,Symbol,KL,,,,suppresses ferroptosis,ferrdb_suppressor,protein
1151,METTL9,Symbol,METTL9,,,,suppresses ferroptosis,ferrdb_suppressor,protein
1152,ELOVL5,Symbol,ELOVL5,,,,suppresses ferroptosis,ferrdb_suppressor,protein
1153,IGFBP6,Symbol,IGFBP6,,,,suppresses ferroptosis,ferrdb_suppressor,protein
1155,KMT5AP1,Symbol,KMT5AP1,,,,suppresses ferroptosis,ferrdb_suppressor,protein
1156,REM1,Symbol,REM1,,,,suppresses ferroptosis,ferrdb_suppressor,protein
1157,NDRG1,Symbol,NDRG1,,,,suppresses ferroptosis,ferrdb_suppressor,protein
1158,ACAT2,Symbol,ACAT2,,,,suppresses ferroptosis,ferrdb_suppressor,protein
1159,NFKB2,Symbol,NFKB2,,,,suppresses ferroptosis,ferrdb_suppressor,protein
